repo	seed	author	commits	commitShare	lines	lineShare	gap	filesSampled	filesTotal	authorsTotal
lukeautry/tsoa	a	WoH	248	0.160830	2298	0.139399	-0.021431	54	290	232
lukeautry/tsoa	a	Wolfgang Hobmaier	54	0.035019	1971	0.119563	0.084544	54	290	232
lukeautry/tsoa	a	Jeffrey Lembeck	5	0.003243	1468	0.089051	0.085808	54	290	232
lukeautry/tsoa	a	woh	21	0.013619	1411	0.085593	0.071974	54	290	232
lukeautry/tsoa	a	Dan Greene	75	0.048638	1069	0.064847	0.016209	54	290	232
lukeautry/tsoa	a	Isman Usoh	7	0.004540	1018	0.061753	0.057214	54	290	232
lukeautry/tsoa	a	Kriskit	20	0.012970	927	0.056233	0.043263	54	290	232
lukeautry/tsoa	a	Luke Autry	304	0.197147	805	0.048832	-0.148314	54	290	232
lukeautry/tsoa	a	simon	29	0.018807	713	0.043251	0.024445	54	290	232
lukeautry/tsoa	a	Clooooode	77	0.049935	456	0.027662	-0.022274	54	290	232
lukeautry/tsoa	a	Clooooode	8	0.005188	408	0.024750	0.019562	54	290	232
lukeautry/tsoa	a	WoH	41	0.026589	339	0.020564	-0.006025	54	290	232
lukeautry/tsoa	a	Nándor Németh	12	0.007782	318	0.019290	0.011508	54	290	232
lukeautry/tsoa	a	dependabot[bot]	69	0.044747	311	0.018866	-0.025881	54	290	232
lukeautry/tsoa	a	Mathias Falcon	7	0.004540	277	0.016803	0.012264	54	290	232
lukeautry/tsoa	a	Dmytro Borysovskyi	4	0.002594	206	0.012496	0.009902	54	290	232
lukeautry/tsoa	a	Isman Usoh	20	0.012970	172	0.010434	-0.002536	54	290	232
lukeautry/tsoa	a	Noam Okman	7	0.004540	168	0.010191	0.005652	54	290	232
lukeautry/tsoa	a	pclements12	1	0.000649	149	0.009039	0.008390	54	290	232
lukeautry/tsoa	a	Marcel Michelfelder	1	0.000649	144	0.008735	0.008087	54	290	232
lukeautry/tsoa	a	Clooooode	3	0.001946	123	0.007461	0.005516	54	290	232
lukeautry/tsoa	a	Christian Friedow	8	0.005188	98	0.005945	0.000757	54	290	232
lukeautry/tsoa	a	Valentin Touffet	23	0.014916	95	0.005763	-0.009153	54	290	232
lukeautry/tsoa	a	Christopher Fitzner	4	0.002594	66	0.004004	0.001410	54	290	232
lukeautry/tsoa	a	k.bagrov	5	0.003243	61	0.003700	0.000458	54	290	232
lukeautry/tsoa	a	simon	8	0.005188	59	0.003579	-0.001609	54	290	232
lukeautry/tsoa	a	Andrii Mozharovskyi	1	0.000649	55	0.003336	0.002688	54	290	232
lukeautry/tsoa	a	Jon Jensen	2	0.001297	51	0.003094	0.001797	54	290	232
lukeautry/tsoa	a	Daniel Seijo	1	0.000649	51	0.003094	0.002445	54	290	232
lukeautry/tsoa	a	John Conley	6	0.003891	45	0.002730	-0.001161	54	290	232
lukeautry/tsoa	a	Frank Prößdorf	18	0.011673	43	0.002608	-0.009065	54	290	232
lukeautry/tsoa	a	Ahmed Hekal	5	0.003243	40	0.002426	-0.000816	54	290	232
lukeautry/tsoa	a	Derek Rada	2	0.001297	38	0.002305	0.001008	54	290	232
lukeautry/tsoa	a	Connor	3	0.001946	36	0.002184	0.000238	54	290	232
lukeautry/tsoa	a	Juho Saarinen	1	0.000649	36	0.002184	0.001535	54	290	232
lukeautry/tsoa	a	kchobantonov	4	0.002594	33	0.002002	-0.000592	54	290	232
lukeautry/tsoa	a	Nathan Vecchiarelli	3	0.001946	33	0.002002	0.000056	54	290	232
lukeautry/tsoa	a	Roy Kakkenberg	2	0.001297	33	0.002002	0.000705	54	290	232
lukeautry/tsoa	a	Alden Quimby	8	0.005188	32	0.001941	-0.003247	54	290	232
lukeautry/tsoa	a	Josh Chappelow	19	0.012322	31	0.001880	-0.010441	54	290	232
lukeautry/tsoa	a	mrl5	6	0.003891	30	0.001820	-0.002071	54	290	232
lukeautry/tsoa	a	Audun Wigum Arbo	1	0.000649	30	0.001820	0.001171	54	290	232
lukeautry/tsoa	a	Mark Nevill	6	0.003891	28	0.001699	-0.002193	54	290	232
lukeautry/tsoa	a	Dominykas Valutis	4	0.002594	27	0.001638	-0.000956	54	290	232
lukeautry/tsoa	a	DjakaTechnology	7	0.004540	26	0.001577	-0.002962	54	290	232
lukeautry/tsoa	a	itamarco	2	0.001297	26	0.001577	0.000280	54	290	232
lukeautry/tsoa	a	joni	6	0.003891	25	0.001517	-0.002375	54	290	232
lukeautry/tsoa	a	Mustapha Ben Chaaben	3	0.001946	25	0.001517	-0.000429	54	290	232
lukeautry/tsoa	a	Gijsdeman	2	0.001297	25	0.001517	0.000220	54	290	232
lukeautry/tsoa	a	Vincent van der Weele	10	0.006485	24	0.001456	-0.005029	54	290	232
lukeautry/tsoa	a	Alex Ward	9	0.005837	24	0.001456	-0.004381	54	290	232
lukeautry/tsoa	a	Alexey Pelykh	2	0.001297	24	0.001456	0.000159	54	290	232
lukeautry/tsoa	a	Tom Boothman	2	0.001297	24	0.001456	0.000159	54	290	232
lukeautry/tsoa	a	Jook	2	0.001297	21	0.001274	-0.000023	54	290	232
lukeautry/tsoa	a	Kannan Goundan	2	0.001297	20	0.001213	-0.000084	54	290	232
lukeautry/tsoa	a	David Zeng	7	0.004540	18	0.001092	-0.003448	54	290	232
lukeautry/tsoa	a	Stefan Ißmer	4	0.002594	18	0.001092	-0.001502	54	290	232
lukeautry/tsoa	a	orgoro	2	0.001297	18	0.001092	-0.000205	54	290	232
lukeautry/tsoa	a	Hasyimi Bahrudin	1	0.000649	18	0.001092	0.000443	54	290	232
lukeautry/tsoa	a	Valentin T	3	0.001946	17	0.001031	-0.000914	54	290	232
lukeautry/tsoa	a	Ronan Jouchet	1	0.000649	17	0.001031	0.000383	54	290	232
lukeautry/tsoa	a	Santeri Elo	3	0.001946	16	0.000971	-0.000975	54	290	232
lukeautry/tsoa	a	Felix Gnass	3	0.001946	15	0.000910	-0.001036	54	290	232
lukeautry/tsoa	a	Francesco Zanitti	1	0.000649	14	0.000849	0.000201	54	290	232
lukeautry/tsoa	a	Trevor	1	0.000649	13	0.000789	0.000140	54	290	232
lukeautry/tsoa	a	Wilker	1	0.000649	13	0.000789	0.000140	54	290	232
lukeautry/tsoa	a	martialt	2	0.001297	12	0.000728	-0.000569	54	290	232
lukeautry/tsoa	a	Ryan Lee	18	0.011673	11	0.000667	-0.011006	54	290	232
lukeautry/tsoa	a	Richard Honor	1	0.000649	11	0.000667	0.000019	54	290	232
lukeautry/tsoa	a	Eric Lee	2	0.001297	10	0.000607	-0.000690	54	290	232
lukeautry/tsoa	a	jokj624	4	0.002594	9	0.000546	-0.002048	54	290	232
lukeautry/tsoa	a	Daniel M. Pomerantz	3	0.001946	8	0.000485	-0.001460	54	290	232
lukeautry/tsoa	a	Christopher Fitzner	3	0.001946	8	0.000485	-0.001460	54	290	232
lukeautry/tsoa	a	Jens	2	0.001297	8	0.000485	-0.000812	54	290	232
lukeautry/tsoa	a	Andrew Jacks	1	0.000649	8	0.000485	-0.000163	54	290	232
lukeautry/tsoa	a	Szymon Planeta	1	0.000649	8	0.000485	-0.000163	54	290	232
lukeautry/tsoa	a	Max Cantor	2	0.001297	7	0.000425	-0.000872	54	290	232
lukeautry/tsoa	a	Simon La Personne	2	0.001297	7	0.000425	-0.000872	54	290	232
lukeautry/tsoa	a	Blake	1	0.000649	7	0.000425	-0.000224	54	290	232
lukeautry/tsoa	a	Daniel Stříbrný	1	0.000649	7	0.000425	-0.000224	54	290	232
lukeautry/tsoa	a	marudor	1	0.000649	7	0.000425	-0.000224	54	290	232
lukeautry/tsoa	a	Shaun Mason	5	0.003243	6	0.000364	-0.002879	54	290	232
lukeautry/tsoa	a	egandro	4	0.002594	6	0.000364	-0.002230	54	290	232
lukeautry/tsoa	a	Harsh Pandey	3	0.001946	6	0.000364	-0.001582	54	290	232
lukeautry/tsoa	a	Simon Tsvilik	2	0.001297	6	0.000364	-0.000933	54	290	232
lukeautry/tsoa	a	David Poetzsch-Heffter	1	0.000649	6	0.000364	-0.000285	54	290	232
lukeautry/tsoa	a	Ivan	2	0.001297	5	0.000303	-0.000994	54	290	232
lukeautry/tsoa	a	miszczu-drako	1	0.000649	5	0.000303	-0.000345	54	290	232
lukeautry/tsoa	a	Mathis Wiehl	1	0.000649	5	0.000303	-0.000345	54	290	232
lukeautry/tsoa	a	Samy El Aridi	1	0.000649	5	0.000303	-0.000345	54	290	232
lukeautry/tsoa	a	Michael Harrington	4	0.002594	4	0.000243	-0.002351	54	290	232
lukeautry/tsoa	a	Ryan Goldstein	3	0.001946	4	0.000243	-0.001703	54	290	232
lukeautry/tsoa	a	Lucas Rudd	2	0.001297	4	0.000243	-0.001054	54	290	232
lukeautry/tsoa	a	Andrii Kozin	1	0.000649	4	0.000243	-0.000406	54	290	232
lukeautry/tsoa	a	andreasrueedlinger	3	0.001946	3	0.000182	-0.001764	54	290	232
lukeautry/tsoa	a	Ellis Whitehead	2	0.001297	3	0.000182	-0.001115	54	290	232
lukeautry/tsoa	a	marius-usvat	2	0.001297	3	0.000182	-0.001115	54	290	232
lukeautry/tsoa	a	David	1	0.000649	3	0.000182	-0.000467	54	290	232
lukeautry/tsoa	a	Tero Kujala	1	0.000649	3	0.000182	-0.000467	54	290	232
lukeautry/tsoa	a	James Tharpe	1	0.000649	3	0.000182	-0.000467	54	290	232
lukeautry/tsoa	a	HoldYourWaffle	15	0.009728	2	0.000121	-0.009606	54	290	232
lukeautry/tsoa	a	mhyeun	3	0.001946	2	0.000121	-0.001824	54	290	232
lukeautry/tsoa	a	Vincent Clair	3	0.001946	2	0.000121	-0.001824	54	290	232
lukeautry/tsoa	a	David Poetzsch-Heffter	2	0.001297	2	0.000121	-0.001176	54	290	232
lukeautry/tsoa	a	Jan Kaiser	1	0.000649	2	0.000121	-0.000527	54	290	232
lukeautry/tsoa	a	louib	1	0.000649	2	0.000121	-0.000527	54	290	232
lukeautry/tsoa	a	Braden Mars	11	0.007134	1	0.000061	-0.007073	54	290	232
lukeautry/tsoa	a	Vladimir	4	0.002594	1	0.000061	-0.002533	54	290	232
lukeautry/tsoa	a	fhewitt	4	0.002594	1	0.000061	-0.002533	54	290	232
lukeautry/tsoa	a	Marcel Link	4	0.002594	1	0.000061	-0.002533	54	290	232
lukeautry/tsoa	a	anton-iskryzhytskyi	2	0.001297	1	0.000061	-0.001236	54	290	232
lukeautry/tsoa	a	Alden Quimby	2	0.001297	1	0.000061	-0.001236	54	290	232
lukeautry/tsoa	a	Maciej Kopeć	2	0.001297	1	0.000061	-0.001236	54	290	232
lukeautry/tsoa	a	Mubin Amerruddin	2	0.001297	1	0.000061	-0.001236	54	290	232
lukeautry/tsoa	a	0v3rst33r	1	0.000649	1	0.000061	-0.000588	54	290	232
lukeautry/tsoa	a	Parundeep Singh	1	0.000649	1	0.000061	-0.000588	54	290	232
lukeautry/tsoa	a	Ed Brannin	1	0.000649	1	0.000061	-0.000588	54	290	232
lukeautry/tsoa	a	Benjamin Buhler	1	0.000649	1	0.000061	-0.000588	54	290	232
lukeautry/tsoa	a	Marcel Michelfelder	1	0.000649	1	0.000061	-0.000588	54	290	232
lukeautry/tsoa	a	Nick Shearer	1	0.000649	1	0.000061	-0.000588	54	290	232
lukeautry/tsoa	a	Peter Müller	1	0.000649	1	0.000061	-0.000588	54	290	232
lukeautry/tsoa	a	Sandesh	1	0.000649	1	0.000061	-0.000588	54	290	232
lukeautry/tsoa	a	Fahad A. Al Khaled	1	0.000649	1	0.000061	-0.000588	54	290	232
lukeautry/tsoa	a	Constantin	1	0.000649	1	0.000061	-0.000588	54	290	232
lukeautry/tsoa	a	Al Ganiev	6	0.003891	0	0.000000	-0.003891	54	290	232
lukeautry/tsoa	a	pauliyobo	6	0.003891	0	0.000000	-0.003891	54	290	232
lukeautry/tsoa	a	Petr Kubeš	6	0.003891	0	0.000000	-0.003891	54	290	232
lukeautry/tsoa	a	Scott Cooper	6	0.003891	0	0.000000	-0.003891	54	290	232
lukeautry/tsoa	a	Philipp Katz	4	0.002594	0	0.000000	-0.002594	54	290	232
lukeautry/tsoa	a	Aiden Wallis	3	0.001946	0	0.000000	-0.001946	54	290	232
lukeautry/tsoa	a	Algirdas Grumuldis	3	0.001946	0	0.000000	-0.001946	54	290	232
lukeautry/tsoa	a	fabripautasso	3	0.001946	0	0.000000	-0.001946	54	290	232
lukeautry/tsoa	a	francesco	3	0.001946	0	0.000000	-0.001946	54	290	232
lukeautry/tsoa	a	Gustavo Landtreter	3	0.001946	0	0.000000	-0.001946	54	290	232
lukeautry/tsoa	a	Matthias Kunnen	3	0.001946	0	0.000000	-0.001946	54	290	232
lukeautry/tsoa	a	Michael Scott-Nelson	3	0.001946	0	0.000000	-0.001946	54	290	232
lukeautry/tsoa	a	Ryan Keener	3	0.001946	0	0.000000	-0.001946	54	290	232
lukeautry/tsoa	a	0v3rst33r	2	0.001297	0	0.000000	-0.001297	54	290	232
lukeautry/tsoa	a	Josh Chappelow	2	0.001297	0	0.000000	-0.001297	54	290	232
lukeautry/tsoa	a	John Bayly	2	0.001297	0	0.000000	-0.001297	54	290	232
lukeautry/tsoa	a	Amazing Turtle	2	0.001297	0	0.000000	-0.001297	54	290	232
lukeautry/tsoa	a	Charles Chan	2	0.001297	0	0.000000	-0.001297	54	290	232
lukeautry/tsoa	a	Christopher Fitzner	2	0.001297	0	0.000000	-0.001297	54	290	232
lukeautry/tsoa	a	Jerod King	2	0.001297	0	0.000000	-0.001297	54	290	232
lukeautry/tsoa	a	Jessica and Patricio	2	0.001297	0	0.000000	-0.001297	54	290	232
lukeautry/tsoa	a	Jonathan Erel	2	0.001297	0	0.000000	-0.001297	54	290	232
lukeautry/tsoa	a	Jule Marcoueille	2	0.001297	0	0.000000	-0.001297	54	290	232
lukeautry/tsoa	a	Lucian Buzzo	2	0.001297	0	0.000000	-0.001297	54	290	232
lukeautry/tsoa	a	Anton	2	0.001297	0	0.000000	-0.001297	54	290	232
lukeautry/tsoa	a	Patrick Clements	2	0.001297	0	0.000000	-0.001297	54	290	232
lukeautry/tsoa	a	Patrick Burrows	2	0.001297	0	0.000000	-0.001297	54	290	232
lukeautry/tsoa	a	Sargis	2	0.001297	0	0.000000	-0.001297	54	290	232
lukeautry/tsoa	a	Simon Tretter	2	0.001297	0	0.000000	-0.001297	54	290	232
lukeautry/tsoa	a	Stephen Taylor	2	0.001297	0	0.000000	-0.001297	54	290	232
lukeautry/tsoa	a	Tim Ruffles	2	0.001297	0	0.000000	-0.001297	54	290	232
lukeautry/tsoa	a	Christian Gonzalez	1	0.000649	0	0.000000	-0.000649	54	290	232
lukeautry/tsoa	a	Jack	1	0.000649	0	0.000000	-0.000649	54	290	232
lukeautry/tsoa	a	Oskar Baumann	1	0.000649	0	0.000000	-0.000649	54	290	232
lukeautry/tsoa	a	Shiou-Ju	1	0.000649	0	0.000000	-0.000649	54	290	232
lukeautry/tsoa	a	Mohammad-Ali A'RÂBI	1	0.000649	0	0.000000	-0.000649	54	290	232
lukeautry/tsoa	a	David Aktary	1	0.000649	0	0.000000	-0.000649	54	290	232
lukeautry/tsoa	a	Alex Chambers	1	0.000649	0	0.000000	-0.000649	54	290	232
lukeautry/tsoa	a	Andrew Benz	1	0.000649	0	0.000000	-0.000649	54	290	232
lukeautry/tsoa	a	Andrew Matheny	1	0.000649	0	0.000000	-0.000649	54	290	232
lukeautry/tsoa	a	AntoineABI	1	0.000649	0	0.000000	-0.000649	54	290	232
lukeautry/tsoa	a	Artem Rapoport	1	0.000649	0	0.000000	-0.000649	54	290	232
lukeautry/tsoa	a	Thomas Navennec	1	0.000649	0	0.000000	-0.000649	54	290	232
lukeautry/tsoa	a	Audun Wigum Arbo	1	0.000649	0	0.000000	-0.000649	54	290	232
lukeautry/tsoa	a	Aurélien Bertron	1	0.000649	0	0.000000	-0.000649	54	290	232
lukeautry/tsoa	a	Ben Wells	1	0.000649	0	0.000000	-0.000649	54	290	232
lukeautry/tsoa	a	Benjamin Buhler	1	0.000649	0	0.000000	-0.000649	54	290	232
lukeautry/tsoa	a	Benjamin Kniffler	1	0.000649	0	0.000000	-0.000649	54	290	232
lukeautry/tsoa	a	Brian Bauman	1	0.000649	0	0.000000	-0.000649	54	290	232
lukeautry/tsoa	a	Bruno de Queiroz	1	0.000649	0	0.000000	-0.000649	54	290	232
lukeautry/tsoa	a	Craig Bassett	1	0.000649	0	0.000000	-0.000649	54	290	232
lukeautry/tsoa	a	chaowlert	1	0.000649	0	0.000000	-0.000649	54	290	232
lukeautry/tsoa	a	Christoph Burnicki	1	0.000649	0	0.000000	-0.000649	54	290	232
lukeautry/tsoa	a	Clément Merlin	1	0.000649	0	0.000000	-0.000649	54	290	232
lukeautry/tsoa	a	Chi Ma	1	0.000649	0	0.000000	-0.000649	54	290	232
lukeautry/tsoa	a	Ian Copp	1	0.000649	0	0.000000	-0.000649	54	290	232
lukeautry/tsoa	a	Redlock	1	0.000649	0	0.000000	-0.000649	54	290	232
lukeautry/tsoa	a	dderevjanik	1	0.000649	0	0.000000	-0.000649	54	290	232
lukeautry/tsoa	a	Dave Leaver	1	0.000649	0	0.000000	-0.000649	54	290	232
lukeautry/tsoa	a	Kyle Galvin	1	0.000649	0	0.000000	-0.000649	54	290	232
lukeautry/tsoa	a	Denis Vishniakov	1	0.000649	0	0.000000	-0.000649	54	290	232
lukeautry/tsoa	a	Derek Rada	1	0.000649	0	0.000000	-0.000649	54	290	232
lukeautry/tsoa	a	Masanori Doizaki	1	0.000649	0	0.000000	-0.000649	54	290	232
lukeautry/tsoa	a	El Cas	1	0.000649	0	0.000000	-0.000649	54	290	232
lukeautry/tsoa	a	Egor Manzhula	1	0.000649	0	0.000000	-0.000649	54	290	232
lukeautry/tsoa	a	Elay Gliksberg	1	0.000649	0	0.000000	-0.000649	54	290	232
lukeautry/tsoa	a	Eric Wooley	1	0.000649	0	0.000000	-0.000649	54	290	232
lukeautry/tsoa	a	eug48	1	0.000649	0	0.000000	-0.000649	54	290	232
lukeautry/tsoa	a	Filip Seman	1	0.000649	0	0.000000	-0.000649	54	290	232
lukeautry/tsoa	a	fortune	1	0.000649	0	0.000000	-0.000649	54	290	232
lukeautry/tsoa	a	Guillaume Grossetie	1	0.000649	0	0.000000	-0.000649	54	290	232
lukeautry/tsoa	a	Graham Plata	1	0.000649	0	0.000000	-0.000649	54	290	232
lukeautry/tsoa	a	Jan Reusch	1	0.000649	0	0.000000	-0.000649	54	290	232
lukeautry/tsoa	a	JASKEERAT SINGH	1	0.000649	0	0.000000	-0.000649	54	290	232
lukeautry/tsoa	a	Jay Clark	1	0.000649	0	0.000000	-0.000649	54	290	232
lukeautry/tsoa	a	Jay A. Patel	1	0.000649	0	0.000000	-0.000649	54	290	232
lukeautry/tsoa	a	Jeremy Nagel	1	0.000649	0	0.000000	-0.000649	54	290	232
lukeautry/tsoa	a	joao	1	0.000649	0	0.000000	-0.000649	54	290	232
lukeautry/tsoa	a	John Cashmore	1	0.000649	0	0.000000	-0.000649	54	290	232
lukeautry/tsoa	a	jerome	1	0.000649	0	0.000000	-0.000649	54	290	232
lukeautry/tsoa	a	jstienne	1	0.000649	0	0.000000	-0.000649	54	290	232
lukeautry/tsoa	a	Julian Fell	1	0.000649	0	0.000000	-0.000649	54	290	232
lukeautry/tsoa	a	James Wigley	1	0.000649	0	0.000000	-0.000649	54	290	232
lukeautry/tsoa	a	Pavel Kotov	1	0.000649	0	0.000000	-0.000649	54	290	232
lukeautry/tsoa	a	Lucas Costa	1	0.000649	0	0.000000	-0.000649	54	290	232
lukeautry/tsoa	a	Mark Nevill	1	0.000649	0	0.000000	-0.000649	54	290	232
lukeautry/tsoa	a	Matthew Dean	1	0.000649	0	0.000000	-0.000649	54	290	232
lukeautry/tsoa	a	Matt Hersee	1	0.000649	0	0.000000	-0.000649	54	290	232
lukeautry/tsoa	a	lokmeinmatz	1	0.000649	0	0.000000	-0.000649	54	290	232
lukeautry/tsoa	a	Michał Mrozek	1	0.000649	0	0.000000	-0.000649	54	290	232
lukeautry/tsoa	a	Miguel Savignano	1	0.000649	0	0.000000	-0.000649	54	290	232
lukeautry/tsoa	a	Michael Beaumont	1	0.000649	0	0.000000	-0.000649	54	290	232
lukeautry/tsoa	a	Narayana Rengaswamy	1	0.000649	0	0.000000	-0.000649	54	290	232
lukeautry/tsoa	a	Oliver Marienfeld	1	0.000649	0	0.000000	-0.000649	54	290	232
lukeautry/tsoa	a	Paul Shippy	1	0.000649	0	0.000000	-0.000649	54	290	232
lukeautry/tsoa	a	Nicholas Peretti	1	0.000649	0	0.000000	-0.000649	54	290	232
lukeautry/tsoa	a	Nate Cheng	1	0.000649	0	0.000000	-0.000649	54	290	232
lukeautry/tsoa	a	Rastislav Švarba	1	0.000649	0	0.000000	-0.000649	54	290	232
lukeautry/tsoa	a	Oskar	1	0.000649	0	0.000000	-0.000649	54	290	232
lukeautry/tsoa	a	Florian Rappl	1	0.000649	0	0.000000	-0.000649	54	290	232
lukeautry/tsoa	a	🐀 Rastislav Švarba	1	0.000649	0	0.000000	-0.000649	54	290	232
lukeautry/tsoa	a	rmendonca	1	0.000649	0	0.000000	-0.000649	54	290	232
lukeautry/tsoa	a	Ze-Hao Wang	1	0.000649	0	0.000000	-0.000649	54	290	232
lukeautry/tsoa	a	Sam Bernard	1	0.000649	0	0.000000	-0.000649	54	290	232
lukeautry/tsoa	a	Simon Feiden	1	0.000649	0	0.000000	-0.000649	54	290	232
lukeautry/tsoa	a	Tamas	1	0.000649	0	0.000000	-0.000649	54	290	232
lukeautry/tsoa	a	Thibaud Desodt	1	0.000649	0	0.000000	-0.000649	54	290	232
lukeautry/tsoa	a	zhangfisher	1	0.000649	0	0.000000	-0.000649	54	290	232
lukeautry/tsoa	b	Luke Autry	304	0.197147	1527	0.128503	-0.068644	67	290	232
lukeautry/tsoa	b	WoH	248	0.160830	1333	0.112177	-0.048653	67	290	232
lukeautry/tsoa	b	Dan Greene	75	0.048638	1135	0.095515	0.046876	67	290	232
lukeautry/tsoa	b	Isman Usoh	7	0.004540	1028	0.086510	0.081971	67	290	232
lukeautry/tsoa	b	Clooooode	8	0.005188	840	0.070689	0.065501	67	290	232
lukeautry/tsoa	b	Clooooode	77	0.049935	606	0.050997	0.001062	67	290	232
lukeautry/tsoa	b	WoH	41	0.026589	472	0.039721	0.013132	67	290	232
lukeautry/tsoa	b	Marcel Michelfelder	1	0.000649	404	0.033998	0.033350	67	290	232
lukeautry/tsoa	b	Nándor Németh	12	0.007782	342	0.028781	0.020999	67	290	232
lukeautry/tsoa	b	Isman Usoh	20	0.012970	248	0.020870	0.007900	67	290	232
lukeautry/tsoa	b	Daniel Seijo	1	0.000649	172	0.014474	0.013826	67	290	232
lukeautry/tsoa	b	Kriskit	20	0.012970	157	0.013212	0.000242	67	290	232
lukeautry/tsoa	b	Christopher Fitzner	4	0.002594	148	0.012455	0.009861	67	290	232
lukeautry/tsoa	b	mrl5	6	0.003891	147	0.012371	0.008480	67	290	232
lukeautry/tsoa	b	Dominykas Valutis	4	0.002594	142	0.011950	0.009356	67	290	232
lukeautry/tsoa	b	k.bagrov	5	0.003243	136	0.011445	0.008202	67	290	232
lukeautry/tsoa	b	Vincent van der Weele	10	0.006485	129	0.010856	0.004371	67	290	232
lukeautry/tsoa	b	Frank Prößdorf	18	0.011673	121	0.010183	-0.001491	67	290	232
lukeautry/tsoa	b	pclements12	1	0.000649	118	0.009930	0.009282	67	290	232
lukeautry/tsoa	b	Valentin Touffet	23	0.014916	111	0.009341	-0.005575	67	290	232
lukeautry/tsoa	b	Derek Rada	2	0.001297	96	0.008079	0.006782	67	290	232
lukeautry/tsoa	b	Mark Nevill	1	0.000649	82	0.006901	0.006252	67	290	232
lukeautry/tsoa	b	Mark Nevill	6	0.003891	80	0.006732	0.002841	67	290	232
lukeautry/tsoa	b	Clooooode	3	0.001946	80	0.006732	0.004787	67	290	232
lukeautry/tsoa	b	Roy Kakkenberg	2	0.001297	79	0.006648	0.005351	67	290	232
lukeautry/tsoa	b	Dmytro Borysovskyi	4	0.002594	78	0.006564	0.003970	67	290	232
lukeautry/tsoa	b	simon	8	0.005188	71	0.005975	0.000787	67	290	232
lukeautry/tsoa	b	Tom Boothman	2	0.001297	71	0.005975	0.004678	67	290	232
lukeautry/tsoa	b	John Conley	6	0.003891	64	0.005386	0.001495	67	290	232
lukeautry/tsoa	b	kchobantonov	4	0.002594	63	0.005302	0.002708	67	290	232
lukeautry/tsoa	b	Wolfgang Hobmaier	54	0.035019	62	0.005218	-0.029802	67	290	232
lukeautry/tsoa	b	Noam Okman	7	0.004540	61	0.005133	0.000594	67	290	232
lukeautry/tsoa	b	andreasrueedlinger	3	0.001946	60	0.005049	0.003104	67	290	232
lukeautry/tsoa	b	Christian Friedow	8	0.005188	55	0.004628	-0.000560	67	290	232
lukeautry/tsoa	b	Josh Chappelow	2	0.001297	54	0.004544	0.003247	67	290	232
lukeautry/tsoa	b	Christopher Fitzner	3	0.001946	53	0.004460	0.002515	67	290	232
lukeautry/tsoa	b	Jon Jensen	2	0.001297	52	0.004376	0.003079	67	290	232
lukeautry/tsoa	b	Francesco Zanitti	1	0.000649	46	0.003871	0.003223	67	290	232
lukeautry/tsoa	b	Alden Quimby	8	0.005188	45	0.003787	-0.001401	67	290	232
lukeautry/tsoa	b	martialt	2	0.001297	44	0.003703	0.002406	67	290	232
lukeautry/tsoa	b	Petr Kubes	6	0.003891	40	0.003366	-0.000525	67	290	232
lukeautry/tsoa	b	Stefan Ißmer	4	0.002594	36	0.003030	0.000436	67	290	232
lukeautry/tsoa	b	Gijsdeman	2	0.001297	35	0.002945	0.001648	67	290	232
lukeautry/tsoa	b	Ivan	2	0.001297	34	0.002861	0.001564	67	290	232
lukeautry/tsoa	b	Scott Cooper	6	0.003891	33	0.002777	-0.001114	67	290	232
lukeautry/tsoa	b	Santeri Elo	3	0.001946	33	0.002777	0.000832	67	290	232
lukeautry/tsoa	b	Blake	1	0.000649	33	0.002777	0.002129	67	290	232
lukeautry/tsoa	b	Audun Wigum Arbo	1	0.000649	33	0.002777	0.002129	67	290	232
lukeautry/tsoa	b	Constantin	1	0.000649	33	0.002777	0.002129	67	290	232
lukeautry/tsoa	b	Ryan Keener	3	0.001946	32	0.002693	0.000747	67	290	232
lukeautry/tsoa	b	Josh Chappelow	19	0.012322	29	0.002440	-0.009881	67	290	232
lukeautry/tsoa	b	Alex Ward	9	0.005837	29	0.002440	-0.003396	67	290	232
lukeautry/tsoa	b	JASKEERAT SINGH	1	0.000649	29	0.002440	0.001792	67	290	232
lukeautry/tsoa	b	jokj624	4	0.002594	27	0.002272	-0.000322	67	290	232
lukeautry/tsoa	b	pauliyobo	6	0.003891	26	0.002188	-0.001703	67	290	232
lukeautry/tsoa	b	Valentin T	3	0.001946	26	0.002188	0.000242	67	290	232
lukeautry/tsoa	b	DjakaTechnology	7	0.004540	25	0.002104	-0.002436	67	290	232
lukeautry/tsoa	b	Alexey Pelykh	2	0.001297	24	0.002020	0.000723	67	290	232
lukeautry/tsoa	b	Juho Saarinen	1	0.000649	24	0.002020	0.001371	67	290	232
lukeautry/tsoa	b	Shaun Mason	5	0.003243	23	0.001936	-0.001307	67	290	232
lukeautry/tsoa	b	Jook	2	0.001297	22	0.001851	0.000554	67	290	232
lukeautry/tsoa	b	Braden Mars	11	0.007134	21	0.001767	-0.005366	67	290	232
lukeautry/tsoa	b	Simon Tsvilik	2	0.001297	21	0.001767	0.000470	67	290	232
lukeautry/tsoa	b	Nathan Vecchiarelli	3	0.001946	20	0.001683	-0.000262	67	290	232
lukeautry/tsoa	b	John Bayly	2	0.001297	20	0.001683	0.000386	67	290	232
lukeautry/tsoa	b	Jeffrey Lembeck	5	0.003243	19	0.001599	-0.001644	67	290	232
lukeautry/tsoa	b	Aurélien Bertron	1	0.000649	19	0.001599	0.000950	67	290	232
lukeautry/tsoa	b	rmendonca	1	0.000649	19	0.001599	0.000950	67	290	232
lukeautry/tsoa	b	Wolfgang Hobmaier	21	0.013619	18	0.001515	-0.012104	67	290	232
lukeautry/tsoa	b	fabripautasso	3	0.001946	16	0.001346	-0.000599	67	290	232
lukeautry/tsoa	b	Michael Scott-Nelson	3	0.001946	16	0.001346	-0.000599	67	290	232
lukeautry/tsoa	b	Mustapha Ben Chaaben	3	0.001946	16	0.001346	-0.000599	67	290	232
lukeautry/tsoa	b	Felix Gnass	3	0.001946	15	0.001262	-0.000683	67	290	232
lukeautry/tsoa	b	orgoro	2	0.001297	15	0.001262	-0.000035	67	290	232
lukeautry/tsoa	b	joni	6	0.003891	14	0.001178	-0.002713	67	290	232
lukeautry/tsoa	b	mhyeun	3	0.001946	14	0.001178	-0.000767	67	290	232
lukeautry/tsoa	b	Nick Shearer	1	0.000649	14	0.001178	0.000530	67	290	232
lukeautry/tsoa	b	Florian Rappl	1	0.000649	13	0.001094	0.000445	67	290	232
lukeautry/tsoa	b	Szymon Planeta	1	0.000649	13	0.001094	0.000445	67	290	232
lukeautry/tsoa	b	Wilker	1	0.000649	13	0.001094	0.000445	67	290	232
lukeautry/tsoa	b	Chi Ma	1	0.000649	12	0.001010	0.000361	67	290	232
lukeautry/tsoa	b	Jan Kaiser	1	0.000649	12	0.001010	0.000361	67	290	232
lukeautry/tsoa	b	Ryan Lee	18	0.011673	11	0.000926	-0.010747	67	290	232
lukeautry/tsoa	b	David Zeng	7	0.004540	11	0.000926	-0.003614	67	290	232
lukeautry/tsoa	b	Max Cantor	2	0.001297	11	0.000926	-0.000371	67	290	232
lukeautry/tsoa	b	Daniel Stříbrný	1	0.000649	11	0.000926	0.000277	67	290	232
lukeautry/tsoa	b	James Tharpe	1	0.000649	11	0.000926	0.000277	67	290	232
lukeautry/tsoa	b	dderevjanik	1	0.000649	10	0.000842	0.000193	67	290	232
lukeautry/tsoa	b	Hasyimi Bahrudin	1	0.000649	10	0.000842	0.000193	67	290	232
lukeautry/tsoa	b	Mathis Wiehl	1	0.000649	10	0.000842	0.000193	67	290	232
lukeautry/tsoa	b	Fahad A. Al Khaled	1	0.000649	10	0.000842	0.000193	67	290	232
lukeautry/tsoa	b	simon	29	0.018807	8	0.000673	-0.018134	67	290	232
lukeautry/tsoa	b	Ahmed Hekal	5	0.003243	8	0.000673	-0.002569	67	290	232
lukeautry/tsoa	b	Daniel M. Pomerantz	3	0.001946	8	0.000673	-0.001272	67	290	232
lukeautry/tsoa	b	Algirdas Grumuldis	3	0.001946	8	0.000673	-0.001272	67	290	232
lukeautry/tsoa	b	Lucas Rudd	2	0.001297	8	0.000673	-0.000624	67	290	232
lukeautry/tsoa	b	Jens	2	0.001297	8	0.000673	-0.000624	67	290	232
lukeautry/tsoa	b	anton-iskryzhytskyi	2	0.001297	7	0.000589	-0.000708	67	290	232
lukeautry/tsoa	b	Ellis Whitehead	2	0.001297	7	0.000589	-0.000708	67	290	232
lukeautry/tsoa	b	Simon La Personne	2	0.001297	7	0.000589	-0.000708	67	290	232
lukeautry/tsoa	b	marudor	1	0.000649	7	0.000589	-0.000059	67	290	232
lukeautry/tsoa	b	Simon Feiden	1	0.000649	7	0.000589	-0.000059	67	290	232
lukeautry/tsoa	b	Andrii Kozin	1	0.000649	7	0.000589	-0.000059	67	290	232
lukeautry/tsoa	b	egandro	4	0.002594	6	0.000505	-0.002089	67	290	232
lukeautry/tsoa	b	Harsh Pandey	3	0.001946	6	0.000505	-0.001441	67	290	232
lukeautry/tsoa	b	Sargis	2	0.001297	6	0.000505	-0.000792	67	290	232
lukeautry/tsoa	b	Tim Ruffles	2	0.001297	6	0.000505	-0.000792	67	290	232
lukeautry/tsoa	b	Mohammad-Ali A'RÂBI	1	0.000649	6	0.000505	-0.000144	67	290	232
lukeautry/tsoa	b	chaowlert	1	0.000649	6	0.000505	-0.000144	67	290	232
lukeautry/tsoa	b	Julian Fell	1	0.000649	6	0.000505	-0.000144	67	290	232
lukeautry/tsoa	b	Kannan Goundan	2	0.001297	5	0.000421	-0.000876	67	290	232
lukeautry/tsoa	b	miszczu-drako	1	0.000649	5	0.000421	-0.000228	67	290	232
lukeautry/tsoa	b	Mathias Falcon	7	0.004540	4	0.000337	-0.004203	67	290	232
lukeautry/tsoa	b	Michael Harrington	4	0.002594	4	0.000337	-0.002257	67	290	232
lukeautry/tsoa	b	Gustavo Landtreter	3	0.001946	4	0.000337	-0.001609	67	290	232
lukeautry/tsoa	b	Matthias Kunnen	3	0.001946	4	0.000337	-0.001609	67	290	232
lukeautry/tsoa	b	Ryan Goldstein	3	0.001946	4	0.000337	-0.001609	67	290	232
lukeautry/tsoa	b	zhangfisher	1	0.000649	4	0.000337	-0.000312	67	290	232
lukeautry/tsoa	b	0v3rst33r	1	0.000649	3	0.000252	-0.000396	67	290	232
lukeautry/tsoa	b	Christoph Burnicki	1	0.000649	3	0.000252	-0.000396	67	290	232
lukeautry/tsoa	b	Denis Vishniakov	1	0.000649	3	0.000252	-0.000396	67	290	232
lukeautry/tsoa	b	Tero Kujala	1	0.000649	3	0.000252	-0.000396	67	290	232
lukeautry/tsoa	b	louib	1	0.000649	3	0.000252	-0.000396	67	290	232
lukeautry/tsoa	b	Miguel Savignano	1	0.000649	3	0.000252	-0.000396	67	290	232
lukeautry/tsoa	b	HoldYourWaffle	15	0.009728	2	0.000168	-0.009559	67	290	232
lukeautry/tsoa	b	Vincent Clair	3	0.001946	2	0.000168	-0.001777	67	290	232
lukeautry/tsoa	b	Mubin Amerruddin	2	0.001297	2	0.000168	-0.001129	67	290	232
lukeautry/tsoa	b	Audun Wigum Arbo	1	0.000649	2	0.000168	-0.000480	67	290	232
lukeautry/tsoa	b	eug48	1	0.000649	2	0.000168	-0.000480	67	290	232
lukeautry/tsoa	b	Oliver Marienfeld	1	0.000649	2	0.000168	-0.000480	67	290	232
lukeautry/tsoa	b	Nate Cheng	1	0.000649	2	0.000168	-0.000480	67	290	232
lukeautry/tsoa	b	Vladimir	4	0.002594	1	0.000084	-0.002510	67	290	232
lukeautry/tsoa	b	fhewitt	4	0.002594	1	0.000084	-0.002510	67	290	232
lukeautry/tsoa	b	Alden Quimby	2	0.001297	1	0.000084	-0.001213	67	290	232
lukeautry/tsoa	b	Maciej Kopeć	2	0.001297	1	0.000084	-0.001213	67	290	232
lukeautry/tsoa	b	Andrii Mozharovskyi	1	0.000649	1	0.000084	-0.000564	67	290	232
lukeautry/tsoa	b	fortune	1	0.000649	1	0.000084	-0.000564	67	290	232
lukeautry/tsoa	b	Benjamin Buhler	1	0.000649	1	0.000084	-0.000564	67	290	232
lukeautry/tsoa	b	James Wigley	1	0.000649	1	0.000084	-0.000564	67	290	232
lukeautry/tsoa	b	Marcel Michelfelder	1	0.000649	1	0.000084	-0.000564	67	290	232
lukeautry/tsoa	b	Peter Müller	1	0.000649	1	0.000084	-0.000564	67	290	232
lukeautry/tsoa	b	Sandesh	1	0.000649	1	0.000084	-0.000564	67	290	232
lukeautry/tsoa	b	🐀 Rastislav Švarba	1	0.000649	1	0.000084	-0.000564	67	290	232
lukeautry/tsoa	b	dependabot[bot]	69	0.044747	0	0.000000	-0.044747	67	290	232
lukeautry/tsoa	b	Al Ganiev	6	0.003891	0	0.000000	-0.003891	67	290	232
lukeautry/tsoa	b	Marcel Link	4	0.002594	0	0.000000	-0.002594	67	290	232
lukeautry/tsoa	b	Philipp Katz	4	0.002594	0	0.000000	-0.002594	67	290	232
lukeautry/tsoa	b	Aiden Wallis	3	0.001946	0	0.000000	-0.001946	67	290	232
lukeautry/tsoa	b	Connor	3	0.001946	0	0.000000	-0.001946	67	290	232
lukeautry/tsoa	b	francesco	3	0.001946	0	0.000000	-0.001946	67	290	232
lukeautry/tsoa	b	0v3rst33r	2	0.001297	0	0.000000	-0.001297	67	290	232
lukeautry/tsoa	b	Amazing Turtle	2	0.001297	0	0.000000	-0.001297	67	290	232
lukeautry/tsoa	b	Charles Chan	2	0.001297	0	0.000000	-0.001297	67	290	232
lukeautry/tsoa	b	Christopher Fitzner	2	0.001297	0	0.000000	-0.001297	67	290	232
lukeautry/tsoa	b	David Poetzsch-Heffter	2	0.001297	0	0.000000	-0.001297	67	290	232
lukeautry/tsoa	b	itamarco	2	0.001297	0	0.000000	-0.001297	67	290	232
lukeautry/tsoa	b	Jerod King	2	0.001297	0	0.000000	-0.001297	67	290	232
lukeautry/tsoa	b	Jessica and Patricio	2	0.001297	0	0.000000	-0.001297	67	290	232
lukeautry/tsoa	b	Jonathan Erel	2	0.001297	0	0.000000	-0.001297	67	290	232
lukeautry/tsoa	b	Jule Marcoueille	2	0.001297	0	0.000000	-0.001297	67	290	232
lukeautry/tsoa	b	Lucian Buzzo	2	0.001297	0	0.000000	-0.001297	67	290	232
lukeautry/tsoa	b	marius-usvat	2	0.001297	0	0.000000	-0.001297	67	290	232
lukeautry/tsoa	b	Anton	2	0.001297	0	0.000000	-0.001297	67	290	232
lukeautry/tsoa	b	Patrick Clements	2	0.001297	0	0.000000	-0.001297	67	290	232
lukeautry/tsoa	b	Patrick Burrows	2	0.001297	0	0.000000	-0.001297	67	290	232
lukeautry/tsoa	b	Eric Lee	2	0.001297	0	0.000000	-0.001297	67	290	232
lukeautry/tsoa	b	Simon Tretter	2	0.001297	0	0.000000	-0.001297	67	290	232
lukeautry/tsoa	b	Stephen Taylor	2	0.001297	0	0.000000	-0.001297	67	290	232
lukeautry/tsoa	b	Christian Gonzalez	1	0.000649	0	0.000000	-0.000649	67	290	232
lukeautry/tsoa	b	Jack	1	0.000649	0	0.000000	-0.000649	67	290	232
lukeautry/tsoa	b	Parundeep Singh	1	0.000649	0	0.000000	-0.000649	67	290	232
lukeautry/tsoa	b	Oskar Baumann	1	0.000649	0	0.000000	-0.000649	67	290	232
lukeautry/tsoa	b	Shiou-Ju	1	0.000649	0	0.000000	-0.000649	67	290	232
lukeautry/tsoa	b	David Aktary	1	0.000649	0	0.000000	-0.000649	67	290	232
lukeautry/tsoa	b	Alex Chambers	1	0.000649	0	0.000000	-0.000649	67	290	232
lukeautry/tsoa	b	Andrew Benz	1	0.000649	0	0.000000	-0.000649	67	290	232
lukeautry/tsoa	b	Andrew Matheny	1	0.000649	0	0.000000	-0.000649	67	290	232
lukeautry/tsoa	b	Andrew Jacks	1	0.000649	0	0.000000	-0.000649	67	290	232
lukeautry/tsoa	b	AntoineABI	1	0.000649	0	0.000000	-0.000649	67	290	232
lukeautry/tsoa	b	Artem Rapoport	1	0.000649	0	0.000000	-0.000649	67	290	232
lukeautry/tsoa	b	Thomas Navennec	1	0.000649	0	0.000000	-0.000649	67	290	232
lukeautry/tsoa	b	Ben Wells	1	0.000649	0	0.000000	-0.000649	67	290	232
lukeautry/tsoa	b	Benjamin Buhler	1	0.000649	0	0.000000	-0.000649	67	290	232
lukeautry/tsoa	b	Benjamin Kniffler	1	0.000649	0	0.000000	-0.000649	67	290	232
lukeautry/tsoa	b	Brian Bauman	1	0.000649	0	0.000000	-0.000649	67	290	232
lukeautry/tsoa	b	Bruno de Queiroz	1	0.000649	0	0.000000	-0.000649	67	290	232
lukeautry/tsoa	b	Craig Bassett	1	0.000649	0	0.000000	-0.000649	67	290	232
lukeautry/tsoa	b	Clément Merlin	1	0.000649	0	0.000000	-0.000649	67	290	232
lukeautry/tsoa	b	Ian Copp	1	0.000649	0	0.000000	-0.000649	67	290	232
lukeautry/tsoa	b	Redlock	1	0.000649	0	0.000000	-0.000649	67	290	232
lukeautry/tsoa	b	Dave Leaver	1	0.000649	0	0.000000	-0.000649	67	290	232
lukeautry/tsoa	b	Kyle Galvin	1	0.000649	0	0.000000	-0.000649	67	290	232
lukeautry/tsoa	b	David Poetzsch-Heffter	1	0.000649	0	0.000000	-0.000649	67	290	232
lukeautry/tsoa	b	David	1	0.000649	0	0.000000	-0.000649	67	290	232
lukeautry/tsoa	b	Derek Rada	1	0.000649	0	0.000000	-0.000649	67	290	232
lukeautry/tsoa	b	Masanori Doizaki	1	0.000649	0	0.000000	-0.000649	67	290	232
lukeautry/tsoa	b	El Cas	1	0.000649	0	0.000000	-0.000649	67	290	232
lukeautry/tsoa	b	Ed Brannin	1	0.000649	0	0.000000	-0.000649	67	290	232
lukeautry/tsoa	b	Egor Manzhula	1	0.000649	0	0.000000	-0.000649	67	290	232
lukeautry/tsoa	b	Elay Gliksberg	1	0.000649	0	0.000000	-0.000649	67	290	232
lukeautry/tsoa	b	Eric Wooley	1	0.000649	0	0.000000	-0.000649	67	290	232
lukeautry/tsoa	b	Filip Seman	1	0.000649	0	0.000000	-0.000649	67	290	232
lukeautry/tsoa	b	Guillaume Grossetie	1	0.000649	0	0.000000	-0.000649	67	290	232
lukeautry/tsoa	b	Graham Plata	1	0.000649	0	0.000000	-0.000649	67	290	232
lukeautry/tsoa	b	Jan Reusch	1	0.000649	0	0.000000	-0.000649	67	290	232
lukeautry/tsoa	b	Jay Clark	1	0.000649	0	0.000000	-0.000649	67	290	232
lukeautry/tsoa	b	Jay A. Patel	1	0.000649	0	0.000000	-0.000649	67	290	232
lukeautry/tsoa	b	Jeremy Nagel	1	0.000649	0	0.000000	-0.000649	67	290	232
lukeautry/tsoa	b	joao	1	0.000649	0	0.000000	-0.000649	67	290	232
lukeautry/tsoa	b	John Cashmore	1	0.000649	0	0.000000	-0.000649	67	290	232
lukeautry/tsoa	b	jerome	1	0.000649	0	0.000000	-0.000649	67	290	232
lukeautry/tsoa	b	jstienne	1	0.000649	0	0.000000	-0.000649	67	290	232
lukeautry/tsoa	b	Pavel Kotov	1	0.000649	0	0.000000	-0.000649	67	290	232
lukeautry/tsoa	b	Lucas Costa	1	0.000649	0	0.000000	-0.000649	67	290	232
lukeautry/tsoa	b	Matthew Dean	1	0.000649	0	0.000000	-0.000649	67	290	232
lukeautry/tsoa	b	Matt Hersee	1	0.000649	0	0.000000	-0.000649	67	290	232
lukeautry/tsoa	b	lokmeinmatz	1	0.000649	0	0.000000	-0.000649	67	290	232
lukeautry/tsoa	b	Richard Honor	1	0.000649	0	0.000000	-0.000649	67	290	232
lukeautry/tsoa	b	Michał Mrozek	1	0.000649	0	0.000000	-0.000649	67	290	232
lukeautry/tsoa	b	Michael Beaumont	1	0.000649	0	0.000000	-0.000649	67	290	232
lukeautry/tsoa	b	Narayana Rengaswamy	1	0.000649	0	0.000000	-0.000649	67	290	232
lukeautry/tsoa	b	Paul Shippy	1	0.000649	0	0.000000	-0.000649	67	290	232
lukeautry/tsoa	b	Nicholas Peretti	1	0.000649	0	0.000000	-0.000649	67	290	232
lukeautry/tsoa	b	Rastislav Švarba	1	0.000649	0	0.000000	-0.000649	67	290	232
lukeautry/tsoa	b	Oskar	1	0.000649	0	0.000000	-0.000649	67	290	232
lukeautry/tsoa	b	Ronan Jouchet	1	0.000649	0	0.000000	-0.000649	67	290	232
lukeautry/tsoa	b	Ze-Hao Wang	1	0.000649	0	0.000000	-0.000649	67	290	232
lukeautry/tsoa	b	Sam Bernard	1	0.000649	0	0.000000	-0.000649	67	290	232
lukeautry/tsoa	b	Samy El Aridi	1	0.000649	0	0.000000	-0.000649	67	290	232
lukeautry/tsoa	b	Tamas	1	0.000649	0	0.000000	-0.000649	67	290	232
lukeautry/tsoa	b	Thibaud Desodt	1	0.000649	0	0.000000	-0.000649	67	290	232
lukeautry/tsoa	b	Trevor	1	0.000649	0	0.000000	-0.000649	67	290	232
lukeautry/tsoa	c	WoH	248	0.160830	500	0.119474	-0.041356	60	290	232
lukeautry/tsoa	c	Luke Autry	304	0.197147	404	0.096535	-0.100611	60	290	232
lukeautry/tsoa	c	Mathias Falcon	7	0.004540	367	0.087694	0.083155	60	290	232
lukeautry/tsoa	c	Clooooode	8	0.005188	307	0.073357	0.068169	60	290	232
lukeautry/tsoa	c	Isman Usoh	7	0.004540	238	0.056870	0.052330	60	290	232
lukeautry/tsoa	c	WoH	41	0.026589	213	0.050896	0.024307	60	290	232
lukeautry/tsoa	c	woh	21	0.013619	178	0.042533	0.028914	60	290	232
lukeautry/tsoa	c	Dan Greene	75	0.048638	168	0.040143	-0.008495	60	290	232
lukeautry/tsoa	c	Jeffrey Lembeck	5	0.003243	154	0.036798	0.033556	60	290	232
lukeautry/tsoa	c	Clooooode	77	0.049935	148	0.035364	-0.014571	60	290	232
lukeautry/tsoa	c	mrl5	6	0.003891	125	0.029869	0.025978	60	290	232
lukeautry/tsoa	c	Kriskit	20	0.012970	74	0.017682	0.004712	60	290	232
lukeautry/tsoa	c	Wolfgang Hobmaier	54	0.035019	71	0.016965	-0.018054	60	290	232
lukeautry/tsoa	c	simon	8	0.005188	71	0.016965	0.011777	60	290	232
lukeautry/tsoa	c	Francesco Zanitti	1	0.000649	66	0.015771	0.015122	60	290	232
lukeautry/tsoa	c	Kannan Goundan	2	0.001297	49	0.011708	0.010411	60	290	232
lukeautry/tsoa	c	Ivan	2	0.001297	45	0.010753	0.009456	60	290	232
lukeautry/tsoa	c	Tom Boothman	2	0.001297	44	0.010514	0.009217	60	290	232
lukeautry/tsoa	c	Djaka Pradana Jaya Priambudi	7	0.004540	43	0.010275	0.005735	60	290	232
lukeautry/tsoa	c	Blake	1	0.000649	42	0.010036	0.009387	60	290	232
lukeautry/tsoa	c	John Conley	6	0.003891	41	0.009797	0.005906	60	290	232
lukeautry/tsoa	c	Christopher Fitzner	4	0.002594	38	0.009080	0.006486	60	290	232
lukeautry/tsoa	c	Isman Usoh	20	0.012970	36	0.008602	-0.004368	60	290	232
lukeautry/tsoa	c	Braden Mars	11	0.007134	36	0.008602	0.001469	60	290	232
lukeautry/tsoa	c	pclements12	1	0.000649	32	0.007646	0.006998	60	290	232
lukeautry/tsoa	c	Scott Cooper	6	0.003891	31	0.007407	0.003516	60	290	232
lukeautry/tsoa	c	Frank Prößdorf	18	0.011673	30	0.007168	-0.004505	60	290	232
lukeautry/tsoa	c	Noam Okman	7	0.004540	29	0.006930	0.002390	60	290	232
lukeautry/tsoa	c	John Bayly	2	0.001297	29	0.006930	0.005632	60	290	232
lukeautry/tsoa	c	Mubin Amerruddin	2	0.001297	29	0.006930	0.005632	60	290	232
lukeautry/tsoa	c	Algirdas Grumuldis	3	0.001946	26	0.006213	0.004267	60	290	232
lukeautry/tsoa	c	Gijsdeman	2	0.001297	25	0.005974	0.004677	60	290	232
lukeautry/tsoa	c	Nándor Németh	12	0.007782	24	0.005735	-0.002047	60	290	232
lukeautry/tsoa	c	Stefan Ißmer	4	0.002594	24	0.005735	0.003141	60	290	232
lukeautry/tsoa	c	Audun Wigum Arbo	1	0.000649	24	0.005735	0.005086	60	290	232
lukeautry/tsoa	c	joni	6	0.003891	21	0.005018	0.001127	60	290	232
lukeautry/tsoa	c	Marcel Michelfelder	1	0.000649	19	0.004540	0.003892	60	290	232
lukeautry/tsoa	c	rmendonca	1	0.000649	19	0.004540	0.003892	60	290	232
lukeautry/tsoa	c	Josh Chappelow	19	0.012322	18	0.004301	-0.008021	60	290	232
lukeautry/tsoa	c	Gustavo Landtreter	3	0.001946	18	0.004301	0.002356	60	290	232
lukeautry/tsoa	c	Clooooode	3	0.001946	17	0.004062	0.002117	60	290	232
lukeautry/tsoa	c	Santeri Elo	3	0.001946	17	0.004062	0.002117	60	290	232
lukeautry/tsoa	c	simon	29	0.018807	15	0.003584	-0.015223	60	290	232
lukeautry/tsoa	c	Ravi van Rooijen	15	0.009728	15	0.003584	-0.006143	60	290	232
lukeautry/tsoa	c	Michael Scott-Nelson	3	0.001946	15	0.003584	0.001639	60	290	232
lukeautry/tsoa	c	Ryan Keener	3	0.001946	15	0.003584	0.001639	60	290	232
lukeautry/tsoa	c	Ahmed Hekal	5	0.003243	14	0.003345	0.000103	60	290	232
lukeautry/tsoa	c	Daniel Seijo	1	0.000649	14	0.003345	0.002697	60	290	232
lukeautry/tsoa	c	orgoro	2	0.001297	13	0.003106	0.001809	60	290	232
lukeautry/tsoa	c	Christian Friedow	8	0.005188	12	0.002867	-0.002321	60	290	232
lukeautry/tsoa	c	Christopher Fitzner	3	0.001946	10	0.002389	0.000444	60	290	232
lukeautry/tsoa	c	Jens	2	0.001297	10	0.002389	0.001092	60	290	232
lukeautry/tsoa	c	Mustapha Ben Chaaben	3	0.001946	9	0.002151	0.000205	60	290	232
lukeautry/tsoa	c	Matthew Dean	1	0.000649	9	0.002151	0.001502	60	290	232
lukeautry/tsoa	c	k.bagrov	5	0.003243	8	0.001912	-0.001331	60	290	232
lukeautry/tsoa	c	Nick Shearer	1	0.000649	8	0.001912	0.001263	60	290	232
lukeautry/tsoa	c	Simon Feiden	1	0.000649	7	0.001673	0.001024	60	290	232
lukeautry/tsoa	c	Tim Ruffles	2	0.001297	6	0.001434	0.000137	60	290	232
lukeautry/tsoa	c	Mohammad-Ali A'RÂBI	1	0.000649	6	0.001434	0.000785	60	290	232
lukeautry/tsoa	c	Filip Seman	1	0.000649	6	0.001434	0.000785	60	290	232
lukeautry/tsoa	c	Petr Kubes	6	0.003891	5	0.001195	-0.002696	60	290	232
lukeautry/tsoa	c	Shaun Mason	5	0.003243	5	0.001195	-0.002048	60	290	232
lukeautry/tsoa	c	Dmytro Borysovskyi	4	0.002594	5	0.001195	-0.001399	60	290	232
lukeautry/tsoa	c	Roy Kakkenberg	2	0.001297	5	0.001195	-0.000102	60	290	232
lukeautry/tsoa	c	miszczu-drako	1	0.000649	5	0.001195	0.000546	60	290	232
lukeautry/tsoa	c	Michael Harrington	4	0.002594	4	0.000956	-0.001638	60	290	232
lukeautry/tsoa	c	Matthias Kunnen	3	0.001946	4	0.000956	-0.000990	60	290	232
lukeautry/tsoa	c	Josh Chappelow	2	0.001297	4	0.000956	-0.000341	60	290	232
lukeautry/tsoa	c	Artem Rapoport	1	0.000649	4	0.000956	0.000307	60	290	232
lukeautry/tsoa	c	Ze-Hao Wang	1	0.000649	4	0.000956	0.000307	60	290	232
lukeautry/tsoa	c	zhangfisher	1	0.000649	4	0.000956	0.000307	60	290	232
lukeautry/tsoa	c	andreasrueedlinger	3	0.001946	3	0.000717	-0.001229	60	290	232
lukeautry/tsoa	c	0v3rst33r	2	0.001297	3	0.000717	-0.000580	60	290	232
lukeautry/tsoa	c	Charles Chan	2	0.001297	3	0.000717	-0.000580	60	290	232
lukeautry/tsoa	c	Christoph Burnicki	1	0.000649	3	0.000717	0.000068	60	290	232
lukeautry/tsoa	c	Denis Vishniakov	1	0.000649	3	0.000717	0.000068	60	290	232
lukeautry/tsoa	c	fortune	1	0.000649	3	0.000717	0.000068	60	290	232
lukeautry/tsoa	c	Alden Quimby	8	0.005188	2	0.000478	-0.004710	60	290	232
lukeautry/tsoa	c	Mark Nevill	6	0.003891	2	0.000478	-0.003413	60	290	232
lukeautry/tsoa	c	Aiden Wallis	3	0.001946	2	0.000478	-0.001468	60	290	232
lukeautry/tsoa	c	francesco	3	0.001946	2	0.000478	-0.001468	60	290	232
lukeautry/tsoa	c	mhyeun	3	0.001946	2	0.000478	-0.001468	60	290	232
lukeautry/tsoa	c	Anton	2	0.001297	2	0.000478	-0.000819	60	290	232
lukeautry/tsoa	c	0v3rst33r	1	0.000649	2	0.000478	-0.000171	60	290	232
lukeautry/tsoa	c	Christian Gonzalez	1	0.000649	2	0.000478	-0.000171	60	290	232
lukeautry/tsoa	c	Audun Wigum Arbo	1	0.000649	2	0.000478	-0.000171	60	290	232
lukeautry/tsoa	c	Chi Ma	1	0.000649	2	0.000478	-0.000171	60	290	232
lukeautry/tsoa	c	Daniel Stříbrný	1	0.000649	2	0.000478	-0.000171	60	290	232
lukeautry/tsoa	c	Jan Kaiser	1	0.000649	2	0.000478	-0.000171	60	290	232
lukeautry/tsoa	c	dependabot[bot]	69	0.044747	1	0.000239	-0.044508	60	290	232
lukeautry/tsoa	c	Vincent van der Weele	10	0.006485	1	0.000239	-0.006246	60	290	232
lukeautry/tsoa	c	Alex Ward	9	0.005837	1	0.000239	-0.005598	60	290	232
lukeautry/tsoa	c	Harsh Pandey	3	0.001946	1	0.000239	-0.001707	60	290	232
lukeautry/tsoa	c	Alden Quimby	2	0.001297	1	0.000239	-0.001058	60	290	232
lukeautry/tsoa	c	Simon La Personne	2	0.001297	1	0.000239	-0.001058	60	290	232
lukeautry/tsoa	c	Benjamin Buhler	1	0.000649	1	0.000239	-0.000410	60	290	232
lukeautry/tsoa	c	Jeremy Nagel	1	0.000649	1	0.000239	-0.000410	60	290	232
lukeautry/tsoa	c	Michael Beaumont	1	0.000649	1	0.000239	-0.000410	60	290	232
lukeautry/tsoa	c	Sandesh	1	0.000649	1	0.000239	-0.000410	60	290	232
lukeautry/tsoa	c	Sam Bernard	1	0.000649	1	0.000239	-0.000410	60	290	232
lukeautry/tsoa	c	Wilker	1	0.000649	1	0.000239	-0.000410	60	290	232
lukeautry/tsoa	c	Valentin Touffet	23	0.014916	0	0.000000	-0.014916	60	290	232
lukeautry/tsoa	c	Ryan Lee	18	0.011673	0	0.000000	-0.011673	60	290	232
lukeautry/tsoa	c	David Zeng	7	0.004540	0	0.000000	-0.004540	60	290	232
lukeautry/tsoa	c	Al Ganiev	6	0.003891	0	0.000000	-0.003891	60	290	232
lukeautry/tsoa	c	pauliyobo	6	0.003891	0	0.000000	-0.003891	60	290	232
lukeautry/tsoa	c	Vladimir Zotov	4	0.002594	0	0.000000	-0.002594	60	290	232
lukeautry/tsoa	c	Dominykas Valutis	4	0.002594	0	0.000000	-0.002594	60	290	232
lukeautry/tsoa	c	egandro	4	0.002594	0	0.000000	-0.002594	60	290	232
lukeautry/tsoa	c	fhewitt	4	0.002594	0	0.000000	-0.002594	60	290	232
lukeautry/tsoa	c	jokj624	4	0.002594	0	0.000000	-0.002594	60	290	232
lukeautry/tsoa	c	kchobantonov	4	0.002594	0	0.000000	-0.002594	60	290	232
lukeautry/tsoa	c	Marcel Link	4	0.002594	0	0.000000	-0.002594	60	290	232
lukeautry/tsoa	c	Philipp Katz	4	0.002594	0	0.000000	-0.002594	60	290	232
lukeautry/tsoa	c	Daniel M. Pomerantz	3	0.001946	0	0.000000	-0.001946	60	290	232
lukeautry/tsoa	c	Connor	3	0.001946	0	0.000000	-0.001946	60	290	232
lukeautry/tsoa	c	Valentin T	3	0.001946	0	0.000000	-0.001946	60	290	232
lukeautry/tsoa	c	fabripautasso	3	0.001946	0	0.000000	-0.001946	60	290	232
lukeautry/tsoa	c	Felix Gnass	3	0.001946	0	0.000000	-0.001946	60	290	232
lukeautry/tsoa	c	Nathan Vecchiarelli	3	0.001946	0	0.000000	-0.001946	60	290	232
lukeautry/tsoa	c	Ryan Goldstein	3	0.001946	0	0.000000	-0.001946	60	290	232
lukeautry/tsoa	c	Vincent Clair	3	0.001946	0	0.000000	-0.001946	60	290	232
lukeautry/tsoa	c	anton-iskryzhytskyi	2	0.001297	0	0.000000	-0.001297	60	290	232
lukeautry/tsoa	c	martialt	2	0.001297	0	0.000000	-0.001297	60	290	232
lukeautry/tsoa	c	Alexey Pelykh	2	0.001297	0	0.000000	-0.001297	60	290	232
lukeautry/tsoa	c	Amazing Turtle	2	0.001297	0	0.000000	-0.001297	60	290	232
lukeautry/tsoa	c	Christopher Fitzner	2	0.001297	0	0.000000	-0.001297	60	290	232
lukeautry/tsoa	c	David Poetzsch-Heffter	2	0.001297	0	0.000000	-0.001297	60	290	232
lukeautry/tsoa	c	Derek Rada	2	0.001297	0	0.000000	-0.001297	60	290	232
lukeautry/tsoa	c	Maciej Kopeć	2	0.001297	0	0.000000	-0.001297	60	290	232
lukeautry/tsoa	c	Ellis Whitehead	2	0.001297	0	0.000000	-0.001297	60	290	232
lukeautry/tsoa	c	Max Cantor	2	0.001297	0	0.000000	-0.001297	60	290	232
lukeautry/tsoa	c	itamarco	2	0.001297	0	0.000000	-0.001297	60	290	232
lukeautry/tsoa	c	Jerod King	2	0.001297	0	0.000000	-0.001297	60	290	232
lukeautry/tsoa	c	Jessica and Patricio	2	0.001297	0	0.000000	-0.001297	60	290	232
lukeautry/tsoa	c	Jonathan Erel	2	0.001297	0	0.000000	-0.001297	60	290	232
lukeautry/tsoa	c	Jon Jensen	2	0.001297	0	0.000000	-0.001297	60	290	232
lukeautry/tsoa	c	Jook	2	0.001297	0	0.000000	-0.001297	60	290	232
lukeautry/tsoa	c	Jule Marcoueille	2	0.001297	0	0.000000	-0.001297	60	290	232
lukeautry/tsoa	c	Lucas Rudd	2	0.001297	0	0.000000	-0.001297	60	290	232
lukeautry/tsoa	c	Lucian Buzzo	2	0.001297	0	0.000000	-0.001297	60	290	232
lukeautry/tsoa	c	marius-usvat	2	0.001297	0	0.000000	-0.001297	60	290	232
lukeautry/tsoa	c	Patrick Clements	2	0.001297	0	0.000000	-0.001297	60	290	232
lukeautry/tsoa	c	Patrick Burrows	2	0.001297	0	0.000000	-0.001297	60	290	232
lukeautry/tsoa	c	Eric Lee	2	0.001297	0	0.000000	-0.001297	60	290	232
lukeautry/tsoa	c	Sargis	2	0.001297	0	0.000000	-0.001297	60	290	232
lukeautry/tsoa	c	Simon Tretter	2	0.001297	0	0.000000	-0.001297	60	290	232
lukeautry/tsoa	c	Stephen Taylor	2	0.001297	0	0.000000	-0.001297	60	290	232
lukeautry/tsoa	c	Simon Tsvilik	2	0.001297	0	0.000000	-0.001297	60	290	232
lukeautry/tsoa	c	Jack	1	0.000649	0	0.000000	-0.000649	60	290	232
lukeautry/tsoa	c	Parundeep Singh	1	0.000649	0	0.000000	-0.000649	60	290	232
lukeautry/tsoa	c	Oskar Baumann	1	0.000649	0	0.000000	-0.000649	60	290	232
lukeautry/tsoa	c	Shiou-Ju	1	0.000649	0	0.000000	-0.000649	60	290	232
lukeautry/tsoa	c	David Aktary	1	0.000649	0	0.000000	-0.000649	60	290	232
lukeautry/tsoa	c	Alex Chambers	1	0.000649	0	0.000000	-0.000649	60	290	232
lukeautry/tsoa	c	Andrew Benz	1	0.000649	0	0.000000	-0.000649	60	290	232
lukeautry/tsoa	c	Andrew Matheny	1	0.000649	0	0.000000	-0.000649	60	290	232
lukeautry/tsoa	c	Andrew Jacks	1	0.000649	0	0.000000	-0.000649	60	290	232
lukeautry/tsoa	c	Andrii Mozharovskyi	1	0.000649	0	0.000000	-0.000649	60	290	232
lukeautry/tsoa	c	AntoineABI	1	0.000649	0	0.000000	-0.000649	60	290	232
lukeautry/tsoa	c	Thomas Navennec	1	0.000649	0	0.000000	-0.000649	60	290	232
lukeautry/tsoa	c	Aurélien Bertron	1	0.000649	0	0.000000	-0.000649	60	290	232
lukeautry/tsoa	c	Ben Wells	1	0.000649	0	0.000000	-0.000649	60	290	232
lukeautry/tsoa	c	Benjamin Buhler	1	0.000649	0	0.000000	-0.000649	60	290	232
lukeautry/tsoa	c	Benjamin Kniffler	1	0.000649	0	0.000000	-0.000649	60	290	232
lukeautry/tsoa	c	Brian Bauman	1	0.000649	0	0.000000	-0.000649	60	290	232
lukeautry/tsoa	c	Bruno de Queiroz	1	0.000649	0	0.000000	-0.000649	60	290	232
lukeautry/tsoa	c	Craig Bassett	1	0.000649	0	0.000000	-0.000649	60	290	232
lukeautry/tsoa	c	chaowlert	1	0.000649	0	0.000000	-0.000649	60	290	232
lukeautry/tsoa	c	Clément Merlin	1	0.000649	0	0.000000	-0.000649	60	290	232
lukeautry/tsoa	c	Ian Copp	1	0.000649	0	0.000000	-0.000649	60	290	232
lukeautry/tsoa	c	Redlock	1	0.000649	0	0.000000	-0.000649	60	290	232
lukeautry/tsoa	c	dderevjanik	1	0.000649	0	0.000000	-0.000649	60	290	232
lukeautry/tsoa	c	Dave Leaver	1	0.000649	0	0.000000	-0.000649	60	290	232
lukeautry/tsoa	c	Kyle Galvin	1	0.000649	0	0.000000	-0.000649	60	290	232
lukeautry/tsoa	c	David Poetzsch-Heffter	1	0.000649	0	0.000000	-0.000649	60	290	232
lukeautry/tsoa	c	David	1	0.000649	0	0.000000	-0.000649	60	290	232
lukeautry/tsoa	c	Derek Rada	1	0.000649	0	0.000000	-0.000649	60	290	232
lukeautry/tsoa	c	Masanori Doizaki	1	0.000649	0	0.000000	-0.000649	60	290	232
lukeautry/tsoa	c	El Cas	1	0.000649	0	0.000000	-0.000649	60	290	232
lukeautry/tsoa	c	Ed Brannin	1	0.000649	0	0.000000	-0.000649	60	290	232
lukeautry/tsoa	c	Egor Manzhula	1	0.000649	0	0.000000	-0.000649	60	290	232
lukeautry/tsoa	c	Elay Gliksberg	1	0.000649	0	0.000000	-0.000649	60	290	232
lukeautry/tsoa	c	Eric Wooley	1	0.000649	0	0.000000	-0.000649	60	290	232
lukeautry/tsoa	c	eug48	1	0.000649	0	0.000000	-0.000649	60	290	232
lukeautry/tsoa	c	Guillaume Grossetie	1	0.000649	0	0.000000	-0.000649	60	290	232
lukeautry/tsoa	c	Tero Kujala	1	0.000649	0	0.000000	-0.000649	60	290	232
lukeautry/tsoa	c	Graham Plata	1	0.000649	0	0.000000	-0.000649	60	290	232
lukeautry/tsoa	c	Hasyimi Bahrudin	1	0.000649	0	0.000000	-0.000649	60	290	232
lukeautry/tsoa	c	Jan Reusch	1	0.000649	0	0.000000	-0.000649	60	290	232
lukeautry/tsoa	c	JASKEERAT SINGH	1	0.000649	0	0.000000	-0.000649	60	290	232
lukeautry/tsoa	c	Jay Clark	1	0.000649	0	0.000000	-0.000649	60	290	232
lukeautry/tsoa	c	Jay A. Patel	1	0.000649	0	0.000000	-0.000649	60	290	232
lukeautry/tsoa	c	James Tharpe	1	0.000649	0	0.000000	-0.000649	60	290	232
lukeautry/tsoa	c	joao	1	0.000649	0	0.000000	-0.000649	60	290	232
lukeautry/tsoa	c	John Cashmore	1	0.000649	0	0.000000	-0.000649	60	290	232
lukeautry/tsoa	c	jerome	1	0.000649	0	0.000000	-0.000649	60	290	232
lukeautry/tsoa	c	jstienne	1	0.000649	0	0.000000	-0.000649	60	290	232
lukeautry/tsoa	c	Julian Fell	1	0.000649	0	0.000000	-0.000649	60	290	232
lukeautry/tsoa	c	Juho Saarinen	1	0.000649	0	0.000000	-0.000649	60	290	232
lukeautry/tsoa	c	James Wigley	1	0.000649	0	0.000000	-0.000649	60	290	232
lukeautry/tsoa	c	Pavel Kotov	1	0.000649	0	0.000000	-0.000649	60	290	232
lukeautry/tsoa	c	louib	1	0.000649	0	0.000000	-0.000649	60	290	232
lukeautry/tsoa	c	Lucas Costa	1	0.000649	0	0.000000	-0.000649	60	290	232
lukeautry/tsoa	c	Mathis Wiehl	1	0.000649	0	0.000000	-0.000649	60	290	232
lukeautry/tsoa	c	Marcel Michelfelder	1	0.000649	0	0.000000	-0.000649	60	290	232
lukeautry/tsoa	c	Mark Nevill	1	0.000649	0	0.000000	-0.000649	60	290	232
lukeautry/tsoa	c	marudor	1	0.000649	0	0.000000	-0.000649	60	290	232
lukeautry/tsoa	c	Matt Hersee	1	0.000649	0	0.000000	-0.000649	60	290	232
lukeautry/tsoa	c	lokmeinmatz	1	0.000649	0	0.000000	-0.000649	60	290	232
lukeautry/tsoa	c	Richard Honor	1	0.000649	0	0.000000	-0.000649	60	290	232
lukeautry/tsoa	c	Michał Mrozek	1	0.000649	0	0.000000	-0.000649	60	290	232
lukeautry/tsoa	c	Miguel Savignano	1	0.000649	0	0.000000	-0.000649	60	290	232
lukeautry/tsoa	c	Narayana Rengaswamy	1	0.000649	0	0.000000	-0.000649	60	290	232
lukeautry/tsoa	c	Oliver Marienfeld	1	0.000649	0	0.000000	-0.000649	60	290	232
lukeautry/tsoa	c	Paul Shippy	1	0.000649	0	0.000000	-0.000649	60	290	232
lukeautry/tsoa	c	Nicholas Peretti	1	0.000649	0	0.000000	-0.000649	60	290	232
lukeautry/tsoa	c	Peter Müller	1	0.000649	0	0.000000	-0.000649	60	290	232
lukeautry/tsoa	c	Nate Cheng	1	0.000649	0	0.000000	-0.000649	60	290	232
lukeautry/tsoa	c	Rastislav Švarba	1	0.000649	0	0.000000	-0.000649	60	290	232
lukeautry/tsoa	c	Oskar	1	0.000649	0	0.000000	-0.000649	60	290	232
lukeautry/tsoa	c	Florian Rappl	1	0.000649	0	0.000000	-0.000649	60	290	232
lukeautry/tsoa	c	🐀 Rastislav Švarba	1	0.000649	0	0.000000	-0.000649	60	290	232
lukeautry/tsoa	c	Fahad A. Al Khaled	1	0.000649	0	0.000000	-0.000649	60	290	232
lukeautry/tsoa	c	Ronan Jouchet	1	0.000649	0	0.000000	-0.000649	60	290	232
lukeautry/tsoa	c	Samy El Aridi	1	0.000649	0	0.000000	-0.000649	60	290	232
lukeautry/tsoa	c	Constantin	1	0.000649	0	0.000000	-0.000649	60	290	232
lukeautry/tsoa	c	Szymon Planeta	1	0.000649	0	0.000000	-0.000649	60	290	232
lukeautry/tsoa	c	Tamas	1	0.000649	0	0.000000	-0.000649	60	290	232
lukeautry/tsoa	c	Thibaud Desodt	1	0.000649	0	0.000000	-0.000649	60	290	232
lukeautry/tsoa	c	Trevor	1	0.000649	0	0.000000	-0.000649	60	290	232
lukeautry/tsoa	c	Andrii Kozin	1	0.000649	0	0.000000	-0.000649	60	290	232
cloudflare/capnweb	a	Dimitri Mitropoulos	4	0.021622	10925	0.488006	0.466385	70	321	34
cloudflare/capnweb	a	Steven	15	0.081081	4394	0.196275	0.115194	70	321	34
cloudflare/capnweb	a	Kenton Varda	85	0.459459	3481	0.155492	-0.303967	70	321	34
cloudflare/capnweb	a	Steve Faulkner	2	0.010811	993	0.044356	0.033545	70	321	34
cloudflare/capnweb	a	Nathan Disidore	11	0.059459	889	0.039711	-0.019749	70	321	34
cloudflare/capnweb	a	VastBlast	3	0.016216	417	0.018627	0.002411	70	321	34
cloudflare/capnweb	a	Aron	2	0.010811	382	0.017063	0.006253	70	321	34
cloudflare/capnweb	a	Gabriel Massadas	1	0.005405	220	0.009827	0.004422	70	321	34
cloudflare/capnweb	a	Dimitri Mitropoulos	2	0.010811	197	0.008800	-0.002011	70	321	34
cloudflare/capnweb	a	ttmx	1	0.005405	121	0.005405	-0.000000	70	321	34
cloudflare/capnweb	a	taylorodell	1	0.005405	116	0.005182	-0.000224	70	321	34
cloudflare/capnweb	a	dependabot[bot]	5	0.027027	111	0.004958	-0.022069	70	321	34
cloudflare/capnweb	a	Neko Hz	2	0.010811	69	0.003082	-0.007729	70	321	34
cloudflare/capnweb	a	Sunil Pai	4	0.021622	23	0.001027	-0.020594	70	321	34
cloudflare/capnweb	a	Kingsword	1	0.005405	19	0.000849	-0.004557	70	321	34
cloudflare/capnweb	a	Josh Soref	4	0.021622	8	0.000357	-0.021264	70	321	34
cloudflare/capnweb	a	Lê Minh Quân	1	0.005405	6	0.000268	-0.005137	70	321	34
cloudflare/capnweb	a	Maximo Guk	4	0.021622	5	0.000223	-0.021398	70	321	34
cloudflare/capnweb	a	yusuke	1	0.005405	5	0.000223	-0.005182	70	321	34
cloudflare/capnweb	a	Mateo Presa Castro	3	0.016216	4	0.000179	-0.016038	70	321	34
cloudflare/capnweb	a	github-actions[bot]	17	0.091892	2	0.000089	-0.091803	70	321	34
cloudflare/capnweb	a	Zachary Dremann	4	0.021622	0	0.000000	-0.021622	70	321	34
cloudflare/capnweb	a	SamJB123	1	0.005405	0	0.000000	-0.005405	70	321	34
cloudflare/capnweb	a	Hrushikesh Deshpande	1	0.005405	0	0.000000	-0.005405	70	321	34
cloudflare/capnweb	a	Bedis Nbiba	1	0.005405	0	0.000000	-0.005405	70	321	34
cloudflare/capnweb	a	Dillon Mulroy	1	0.005405	0	0.000000	-0.005405	70	321	34
cloudflare/capnweb	a	Ian Taylor	1	0.005405	0	0.000000	-0.005405	70	321	34
cloudflare/capnweb	a	Kevin Kipp	1	0.005405	0	0.000000	-0.005405	70	321	34
cloudflare/capnweb	a	Matt Silverlock	1	0.005405	0	0.000000	-0.005405	70	321	34
cloudflare/capnweb	a	Aries	1	0.005405	0	0.000000	-0.005405	70	321	34
cloudflare/capnweb	a	nas	1	0.005405	0	0.000000	-0.005405	70	321	34
cloudflare/capnweb	a	Sai Asish Y	1	0.005405	0	0.000000	-0.005405	70	321	34
cloudflare/capnweb	a	Sifatul Rabbi	1	0.005405	0	0.000000	-0.005405	70	321	34
cloudflare/capnweb	a	Timo Stamm	1	0.005405	0	0.000000	-0.005405	70	321	34
cloudflare/capnweb	b	Dimitri Mitropoulos	4	0.021622	3673	0.447654	0.426032	56	321	34
cloudflare/capnweb	b	Steven	15	0.081081	1580	0.192566	0.111484	56	321	34
cloudflare/capnweb	b	Steve Faulkner	2	0.010811	795	0.096892	0.086081	56	321	34
cloudflare/capnweb	b	VastBlast	3	0.016216	730	0.088970	0.072754	56	321	34
cloudflare/capnweb	b	Kenton Varda	85	0.459459	522	0.063620	-0.395840	56	321	34
cloudflare/capnweb	b	Nathan Disidore	11	0.059459	397	0.048385	-0.011074	56	321	34
cloudflare/capnweb	b	Dimitri Mitropoulos	2	0.010811	297	0.036197	0.025387	56	321	34
cloudflare/capnweb	b	dependabot[bot]	5	0.027027	112	0.013650	-0.013377	56	321	34
cloudflare/capnweb	b	Maximo Guk	4	0.021622	52	0.006338	-0.015284	56	321	34
cloudflare/capnweb	b	Sunil Pai	4	0.021622	18	0.002194	-0.019428	56	321	34
cloudflare/capnweb	b	Ian Taylor	1	0.005405	9	0.001097	-0.004309	56	321	34
cloudflare/capnweb	b	Neko Hz	2	0.010811	8	0.000975	-0.009836	56	321	34
cloudflare/capnweb	b	Aron	2	0.010811	4	0.000488	-0.010323	56	321	34
cloudflare/capnweb	b	yusuke	1	0.005405	4	0.000488	-0.004918	56	321	34
cloudflare/capnweb	b	Mateo Presa Castro	3	0.016216	2	0.000244	-0.015972	56	321	34
cloudflare/capnweb	b	Gabriel Massadas	1	0.005405	1	0.000122	-0.005284	56	321	34
cloudflare/capnweb	b	Dillon Mulroy	1	0.005405	1	0.000122	-0.005284	56	321	34
cloudflare/capnweb	b	github-actions[bot]	17	0.091892	0	0.000000	-0.091892	56	321	34
cloudflare/capnweb	b	Josh Soref	4	0.021622	0	0.000000	-0.021622	56	321	34
cloudflare/capnweb	b	Zachary Dremann	4	0.021622	0	0.000000	-0.021622	56	321	34
cloudflare/capnweb	b	SamJB123	1	0.005405	0	0.000000	-0.005405	56	321	34
cloudflare/capnweb	b	Hrushikesh Deshpande	1	0.005405	0	0.000000	-0.005405	56	321	34
cloudflare/capnweb	b	Lê Minh Quân	1	0.005405	0	0.000000	-0.005405	56	321	34
cloudflare/capnweb	b	Bedis Nbiba	1	0.005405	0	0.000000	-0.005405	56	321	34
cloudflare/capnweb	b	ttmx	1	0.005405	0	0.000000	-0.005405	56	321	34
cloudflare/capnweb	b	Kingsword	1	0.005405	0	0.000000	-0.005405	56	321	34
cloudflare/capnweb	b	Kevin Kipp	1	0.005405	0	0.000000	-0.005405	56	321	34
cloudflare/capnweb	b	Matt Silverlock	1	0.005405	0	0.000000	-0.005405	56	321	34
cloudflare/capnweb	b	Aries	1	0.005405	0	0.000000	-0.005405	56	321	34
cloudflare/capnweb	b	nas	1	0.005405	0	0.000000	-0.005405	56	321	34
cloudflare/capnweb	b	Sai Asish Y	1	0.005405	0	0.000000	-0.005405	56	321	34
cloudflare/capnweb	b	Sifatul Rabbi	1	0.005405	0	0.000000	-0.005405	56	321	34
cloudflare/capnweb	b	taylorodell	1	0.005405	0	0.000000	-0.005405	56	321	34
cloudflare/capnweb	b	Timo Stamm	1	0.005405	0	0.000000	-0.005405	56	321	34
cloudflare/capnweb	c	Dimitri Mitropoulos	4	0.021622	5353	0.580838	0.559216	67	321	34
cloudflare/capnweb	c	Steven	15	0.081081	1368	0.148438	0.067356	67	321	34
cloudflare/capnweb	c	Steve Faulkner	2	0.010811	860	0.093316	0.082505	67	321	34
cloudflare/capnweb	c	VastBlast	3	0.016216	602	0.065321	0.049105	67	321	34
cloudflare/capnweb	c	Nathan Disidore	11	0.059459	358	0.038845	-0.020614	67	321	34
cloudflare/capnweb	c	Kenton Varda	85	0.459459	306	0.033203	-0.426256	67	321	34
cloudflare/capnweb	c	Dimitri Mitropoulos	2	0.010811	139	0.015082	0.004272	67	321	34
cloudflare/capnweb	c	dependabot[bot]	5	0.027027	111	0.012044	-0.014983	67	321	34
cloudflare/capnweb	c	Sunil Pai	4	0.021622	68	0.007378	-0.014243	67	321	34
cloudflare/capnweb	c	Aron	2	0.010811	48	0.005208	-0.005602	67	321	34
cloudflare/capnweb	c	github-actions[bot]	17	0.091892	1	0.000109	-0.091783	67	321	34
cloudflare/capnweb	c	Maximo Guk	4	0.021622	1	0.000109	-0.021513	67	321	34
cloudflare/capnweb	c	Aries	1	0.005405	1	0.000109	-0.005297	67	321	34
cloudflare/capnweb	c	Josh Soref	4	0.021622	0	0.000000	-0.021622	67	321	34
cloudflare/capnweb	c	Zachary Dremann	4	0.021622	0	0.000000	-0.021622	67	321	34
cloudflare/capnweb	c	Mateo Presa Castro	3	0.016216	0	0.000000	-0.016216	67	321	34
cloudflare/capnweb	c	Neko Hz	2	0.010811	0	0.000000	-0.010811	67	321	34
cloudflare/capnweb	c	SamJB123	1	0.005405	0	0.000000	-0.005405	67	321	34
cloudflare/capnweb	c	Hrushikesh Deshpande	1	0.005405	0	0.000000	-0.005405	67	321	34
cloudflare/capnweb	c	Gabriel Massadas	1	0.005405	0	0.000000	-0.005405	67	321	34
cloudflare/capnweb	c	yusuke	1	0.005405	0	0.000000	-0.005405	67	321	34
cloudflare/capnweb	c	Lê Minh Quân	1	0.005405	0	0.000000	-0.005405	67	321	34
cloudflare/capnweb	c	Bedis Nbiba	1	0.005405	0	0.000000	-0.005405	67	321	34
cloudflare/capnweb	c	Dillon Mulroy	1	0.005405	0	0.000000	-0.005405	67	321	34
cloudflare/capnweb	c	ttmx	1	0.005405	0	0.000000	-0.005405	67	321	34
cloudflare/capnweb	c	Ian Taylor	1	0.005405	0	0.000000	-0.005405	67	321	34
cloudflare/capnweb	c	Kingsword	1	0.005405	0	0.000000	-0.005405	67	321	34
cloudflare/capnweb	c	Kevin Kipp	1	0.005405	0	0.000000	-0.005405	67	321	34
cloudflare/capnweb	c	Matt Silverlock	1	0.005405	0	0.000000	-0.005405	67	321	34
cloudflare/capnweb	c	nas	1	0.005405	0	0.000000	-0.005405	67	321	34
cloudflare/capnweb	c	Sai Asish Y	1	0.005405	0	0.000000	-0.005405	67	321	34
cloudflare/capnweb	c	Sifatul Rabbi	1	0.005405	0	0.000000	-0.005405	67	321	34
cloudflare/capnweb	c	taylorodell	1	0.005405	0	0.000000	-0.005405	67	321	34
cloudflare/capnweb	c	Timo Stamm	1	0.005405	0	0.000000	-0.005405	67	321	34
hunvreus/pagescms	a	Ronan Berder	447	0.961290	14062	0.999929	0.038639	67	278	8
hunvreus/pagescms	a	astrit	1	0.002151	1	0.000071	-0.002079	67	278	8
hunvreus/pagescms	a	Ryan Gittings	8	0.017204	0	0.000000	-0.017204	67	278	8
hunvreus/pagescms	a	Matej Bačo	3	0.006452	0	0.000000	-0.006452	67	278	8
hunvreus/pagescms	a	Andrew Monty	2	0.004301	0	0.000000	-0.004301	67	278	8
hunvreus/pagescms	a	putuwahyu29	2	0.004301	0	0.000000	-0.004301	67	278	8
hunvreus/pagescms	a	Stanley M Ndagi	1	0.002151	0	0.000000	-0.002151	67	278	8
hunvreus/pagescms	a	Snow@Moana	1	0.002151	0	0.000000	-0.002151	67	278	8
hunvreus/pagescms	b	Ronan Berder	447	0.961290	10228	1.000000	0.038710	57	278	8
hunvreus/pagescms	b	Ryan Gittings	8	0.017204	0	0.000000	-0.017204	57	278	8
hunvreus/pagescms	b	Matej Bačo	3	0.006452	0	0.000000	-0.006452	57	278	8
hunvreus/pagescms	b	Andrew Monty	2	0.004301	0	0.000000	-0.004301	57	278	8
hunvreus/pagescms	b	putuwahyu29	2	0.004301	0	0.000000	-0.004301	57	278	8
hunvreus/pagescms	b	astrit	1	0.002151	0	0.000000	-0.002151	57	278	8
hunvreus/pagescms	b	Stanley M Ndagi	1	0.002151	0	0.000000	-0.002151	57	278	8
hunvreus/pagescms	b	Snow@Moana	1	0.002151	0	0.000000	-0.002151	57	278	8
hunvreus/pagescms	c	Ronan Berder	447	0.961290	6423	1.000000	0.038710	52	278	8
hunvreus/pagescms	c	Ryan Gittings	8	0.017204	0	0.000000	-0.017204	52	278	8
hunvreus/pagescms	c	Matej Bačo	3	0.006452	0	0.000000	-0.006452	52	278	8
hunvreus/pagescms	c	Andrew Monty	2	0.004301	0	0.000000	-0.004301	52	278	8
hunvreus/pagescms	c	putuwahyu29	2	0.004301	0	0.000000	-0.004301	52	278	8
hunvreus/pagescms	c	astrit	1	0.002151	0	0.000000	-0.002151	52	278	8
hunvreus/pagescms	c	Stanley M Ndagi	1	0.002151	0	0.000000	-0.002151	52	278	8
hunvreus/pagescms	c	Snow@Moana	1	0.002151	0	0.000000	-0.002151	52	278	8
boppreh/keyboard	a	BoppreH	625	0.865651	2458	0.891872	0.026221	10	34	42
boppreh/keyboard	a	glitchassassin	25	0.034626	282	0.102322	0.067696	10	34	42
boppreh/keyboard	a	Tim Gates	2	0.002770	3	0.001089	-0.001682	10	34	42
boppreh/keyboard	a	xoviat	14	0.019391	2	0.000726	-0.018665	10	34	42
boppreh/keyboard	a	BoppreH	7	0.009695	2	0.000726	-0.008970	10	34	42
boppreh/keyboard	a	Tanner Goins	7	0.009695	2	0.000726	-0.008970	10	34	42
boppreh/keyboard	a	Oliver Wienand	1	0.001385	2	0.000726	-0.000659	10	34	42
boppreh/keyboard	a	Robert Bedard	1	0.001385	2	0.000726	-0.000659	10	34	42
boppreh/keyboard	a	BobbyB	1	0.001385	1	0.000363	-0.001022	10	34	42
boppreh/keyboard	a	Daniel Mossaband	1	0.001385	1	0.000363	-0.001022	10	34	42
boppreh/keyboard	a	Luiz	1	0.001385	1	0.000363	-0.001022	10	34	42
boppreh/keyboard	a	Cristian Sandu	3	0.004155	0	0.000000	-0.004155	10	34	42
boppreh/keyboard	a	Alan Morgan	2	0.002770	0	0.000000	-0.002770	10	34	42
boppreh/keyboard	a	BladeMight	2	0.002770	0	0.000000	-0.002770	10	34	42
boppreh/keyboard	a	Ilia Pozdnyakov	2	0.002770	0	0.000000	-0.002770	10	34	42
boppreh/keyboard	a	Avasam	2	0.002770	0	0.000000	-0.002770	10	34	42
boppreh/keyboard	a	GlaucioAlmeida	1	0.001385	0	0.000000	-0.001385	10	34	42
boppreh/keyboard	a	arainflake	1	0.001385	0	0.000000	-0.001385	10	34	42
boppreh/keyboard	a	Adnan Y	1	0.001385	0	0.000000	-0.001385	10	34	42
boppreh/keyboard	a	Adam Wolf	1	0.001385	0	0.000000	-0.001385	10	34	42
boppreh/keyboard	a	Ashish Kumar	1	0.001385	0	0.000000	-0.001385	10	34	42
boppreh/keyboard	a	Blue	1	0.001385	0	0.000000	-0.001385	10	34	42
boppreh/keyboard	a	Enteleform	1	0.001385	0	0.000000	-0.001385	10	34	42
boppreh/keyboard	a	Geoffrey Spear	1	0.001385	0	0.000000	-0.001385	10	34	42
boppreh/keyboard	a	John	1	0.001385	0	0.000000	-0.001385	10	34	42
boppreh/keyboard	a	haofly	1	0.001385	0	0.000000	-0.001385	10	34	42
boppreh/keyboard	a	hcjn0770	1	0.001385	0	0.000000	-0.001385	10	34	42
boppreh/keyboard	a	Henrique Lino	1	0.001385	0	0.000000	-0.001385	10	34	42
boppreh/keyboard	a	Narendra-Neerukonda	1	0.001385	0	0.000000	-0.001385	10	34	42
boppreh/keyboard	a	arainflake	1	0.001385	0	0.000000	-0.001385	10	34	42
boppreh/keyboard	a	duianto	1	0.001385	0	0.000000	-0.001385	10	34	42
boppreh/keyboard	a	Peter Xu	1	0.001385	0	0.000000	-0.001385	10	34	42
boppreh/keyboard	a	Song Yang	1	0.001385	0	0.000000	-0.001385	10	34	42
boppreh/keyboard	a	root	1	0.001385	0	0.000000	-0.001385	10	34	42
boppreh/keyboard	a	Ryan Wong	1	0.001385	0	0.000000	-0.001385	10	34	42
boppreh/keyboard	a	Joost Schildwacht	1	0.001385	0	0.000000	-0.001385	10	34	42
boppreh/keyboard	a	badtyprr	1	0.001385	0	0.000000	-0.001385	10	34	42
boppreh/keyboard	a	SUZUKI Masaya	1	0.001385	0	0.000000	-0.001385	10	34	42
boppreh/keyboard	a	TrakJohnson	1	0.001385	0	0.000000	-0.001385	10	34	42
boppreh/keyboard	a	Vladimir Vuksanovic	1	0.001385	0	0.000000	-0.001385	10	34	42
boppreh/keyboard	a	Yedhrab	1	0.001385	0	0.000000	-0.001385	10	34	42
boppreh/keyboard	a	Aleksandr Zuev	1	0.001385	0	0.000000	-0.001385	10	34	42
boppreh/keyboard	b	BoppreH	625	0.865651	2291	0.949441	0.083790	11	34	42
boppreh/keyboard	b	glitchassassin	25	0.034626	108	0.044758	0.010132	11	34	42
boppreh/keyboard	b	Tim Gates	2	0.002770	3	0.001243	-0.001527	11	34	42
boppreh/keyboard	b	xoviat	14	0.019391	2	0.000829	-0.018562	11	34	42
boppreh/keyboard	b	Tanner Goins	7	0.009695	2	0.000829	-0.008866	11	34	42
boppreh/keyboard	b	John	1	0.001385	2	0.000829	-0.000556	11	34	42
boppreh/keyboard	b	Oliver Wienand	1	0.001385	2	0.000829	-0.000556	11	34	42
boppreh/keyboard	b	BoppreH	7	0.009695	1	0.000414	-0.009281	11	34	42
boppreh/keyboard	b	Daniel Mossaband	1	0.001385	1	0.000414	-0.000971	11	34	42
boppreh/keyboard	b	Luiz	1	0.001385	1	0.000414	-0.000971	11	34	42
boppreh/keyboard	b	Cristian Sandu	3	0.004155	0	0.000000	-0.004155	11	34	42
boppreh/keyboard	b	Alan Morgan	2	0.002770	0	0.000000	-0.002770	11	34	42
boppreh/keyboard	b	BladeMight	2	0.002770	0	0.000000	-0.002770	11	34	42
boppreh/keyboard	b	Ilia Pozdnyakov	2	0.002770	0	0.000000	-0.002770	11	34	42
boppreh/keyboard	b	Avasam	2	0.002770	0	0.000000	-0.002770	11	34	42
boppreh/keyboard	b	GlaucioAlmeida	1	0.001385	0	0.000000	-0.001385	11	34	42
boppreh/keyboard	b	arainflake	1	0.001385	0	0.000000	-0.001385	11	34	42
boppreh/keyboard	b	Adnan Y	1	0.001385	0	0.000000	-0.001385	11	34	42
boppreh/keyboard	b	Adam Wolf	1	0.001385	0	0.000000	-0.001385	11	34	42
boppreh/keyboard	b	Ashish Kumar	1	0.001385	0	0.000000	-0.001385	11	34	42
boppreh/keyboard	b	Blue	1	0.001385	0	0.000000	-0.001385	11	34	42
boppreh/keyboard	b	BobbyB	1	0.001385	0	0.000000	-0.001385	11	34	42
boppreh/keyboard	b	Enteleform	1	0.001385	0	0.000000	-0.001385	11	34	42
boppreh/keyboard	b	Geoffrey Spear	1	0.001385	0	0.000000	-0.001385	11	34	42
boppreh/keyboard	b	haofly	1	0.001385	0	0.000000	-0.001385	11	34	42
boppreh/keyboard	b	hcjn0770	1	0.001385	0	0.000000	-0.001385	11	34	42
boppreh/keyboard	b	Henrique Lino	1	0.001385	0	0.000000	-0.001385	11	34	42
boppreh/keyboard	b	Narendra-Neerukonda	1	0.001385	0	0.000000	-0.001385	11	34	42
boppreh/keyboard	b	arainflake	1	0.001385	0	0.000000	-0.001385	11	34	42
boppreh/keyboard	b	duianto	1	0.001385	0	0.000000	-0.001385	11	34	42
boppreh/keyboard	b	Peter Xu	1	0.001385	0	0.000000	-0.001385	11	34	42
boppreh/keyboard	b	Song Yang	1	0.001385	0	0.000000	-0.001385	11	34	42
boppreh/keyboard	b	Robert Bedard	1	0.001385	0	0.000000	-0.001385	11	34	42
boppreh/keyboard	b	root	1	0.001385	0	0.000000	-0.001385	11	34	42
boppreh/keyboard	b	Ryan Wong	1	0.001385	0	0.000000	-0.001385	11	34	42
boppreh/keyboard	b	Joost Schildwacht	1	0.001385	0	0.000000	-0.001385	11	34	42
boppreh/keyboard	b	badtyprr	1	0.001385	0	0.000000	-0.001385	11	34	42
boppreh/keyboard	b	SUZUKI Masaya	1	0.001385	0	0.000000	-0.001385	11	34	42
boppreh/keyboard	b	TrakJohnson	1	0.001385	0	0.000000	-0.001385	11	34	42
boppreh/keyboard	b	Vladimir Vuksanovic	1	0.001385	0	0.000000	-0.001385	11	34	42
boppreh/keyboard	b	Yedhrab	1	0.001385	0	0.000000	-0.001385	11	34	42
boppreh/keyboard	b	Aleksandr Zuev	1	0.001385	0	0.000000	-0.001385	11	34	42
boppreh/keyboard	c	BoppreH	625	0.865651	275	0.935374	0.069723	5	34	42
boppreh/keyboard	c	BoppreH	7	0.009695	9	0.030612	0.020917	5	34	42
boppreh/keyboard	c	Vladimir Vuksanovic	1	0.001385	8	0.027211	0.025826	5	34	42
boppreh/keyboard	c	Tim Gates	2	0.002770	1	0.003401	0.000631	5	34	42
boppreh/keyboard	c	Geoffrey Spear	1	0.001385	1	0.003401	0.002016	5	34	42
boppreh/keyboard	c	Jon Winsley	25	0.034626	0	0.000000	-0.034626	5	34	42
boppreh/keyboard	c	xoviat	14	0.019391	0	0.000000	-0.019391	5	34	42
boppreh/keyboard	c	Tanner Goins	7	0.009695	0	0.000000	-0.009695	5	34	42
boppreh/keyboard	c	Cristian Sandu	3	0.004155	0	0.000000	-0.004155	5	34	42
boppreh/keyboard	c	Alan Morgan	2	0.002770	0	0.000000	-0.002770	5	34	42
boppreh/keyboard	c	BladeMight	2	0.002770	0	0.000000	-0.002770	5	34	42
boppreh/keyboard	c	Ilia Pozdnyakov	2	0.002770	0	0.000000	-0.002770	5	34	42
boppreh/keyboard	c	Avasam	2	0.002770	0	0.000000	-0.002770	5	34	42
boppreh/keyboard	c	GlaucioAlmeida	1	0.001385	0	0.000000	-0.001385	5	34	42
boppreh/keyboard	c	arainflake	1	0.001385	0	0.000000	-0.001385	5	34	42
boppreh/keyboard	c	Adnan Y	1	0.001385	0	0.000000	-0.001385	5	34	42
boppreh/keyboard	c	Adam Wolf	1	0.001385	0	0.000000	-0.001385	5	34	42
boppreh/keyboard	c	Ashish Kumar	1	0.001385	0	0.000000	-0.001385	5	34	42
boppreh/keyboard	c	Blue	1	0.001385	0	0.000000	-0.001385	5	34	42
boppreh/keyboard	c	BobbyB	1	0.001385	0	0.000000	-0.001385	5	34	42
boppreh/keyboard	c	Daniel Mossaband	1	0.001385	0	0.000000	-0.001385	5	34	42
boppreh/keyboard	c	Luiz	1	0.001385	0	0.000000	-0.001385	5	34	42
boppreh/keyboard	c	Enteleform	1	0.001385	0	0.000000	-0.001385	5	34	42
boppreh/keyboard	c	John	1	0.001385	0	0.000000	-0.001385	5	34	42
boppreh/keyboard	c	haofly	1	0.001385	0	0.000000	-0.001385	5	34	42
boppreh/keyboard	c	hcjn0770	1	0.001385	0	0.000000	-0.001385	5	34	42
boppreh/keyboard	c	Henrique Lino	1	0.001385	0	0.000000	-0.001385	5	34	42
boppreh/keyboard	c	Narendra-Neerukonda	1	0.001385	0	0.000000	-0.001385	5	34	42
boppreh/keyboard	c	arainflake	1	0.001385	0	0.000000	-0.001385	5	34	42
boppreh/keyboard	c	Oliver Wienand	1	0.001385	0	0.000000	-0.001385	5	34	42
boppreh/keyboard	c	duianto	1	0.001385	0	0.000000	-0.001385	5	34	42
boppreh/keyboard	c	Peter Xu	1	0.001385	0	0.000000	-0.001385	5	34	42
boppreh/keyboard	c	Song Yang	1	0.001385	0	0.000000	-0.001385	5	34	42
boppreh/keyboard	c	Robert Bedard	1	0.001385	0	0.000000	-0.001385	5	34	42
boppreh/keyboard	c	root	1	0.001385	0	0.000000	-0.001385	5	34	42
boppreh/keyboard	c	Ryan Wong	1	0.001385	0	0.000000	-0.001385	5	34	42
boppreh/keyboard	c	Joost Schildwacht	1	0.001385	0	0.000000	-0.001385	5	34	42
boppreh/keyboard	c	badtyprr	1	0.001385	0	0.000000	-0.001385	5	34	42
boppreh/keyboard	c	SUZUKI Masaya	1	0.001385	0	0.000000	-0.001385	5	34	42
boppreh/keyboard	c	TrakJohnson	1	0.001385	0	0.000000	-0.001385	5	34	42
boppreh/keyboard	c	Yedhrab	1	0.001385	0	0.000000	-0.001385	5	34	42
boppreh/keyboard	c	Aleksandr Zuev	1	0.001385	0	0.000000	-0.001385	5	34	42
Micro-sheep/efinance	a	sheep	79	0.897727	1697	0.919285	0.021558	11	45	4
Micro-sheep/efinance	a	sheep	7	0.079545	93	0.050379	-0.029166	11	45	4
Micro-sheep/efinance	a	Allen Li	1	0.011364	52	0.028169	0.016805	11	45	4
Micro-sheep/efinance	a	lervisnh	1	0.011364	4	0.002167	-0.009197	11	45	4
Micro-sheep/efinance	b	sheep	79	0.897727	3875	0.965131	0.067403	11	45	4
Micro-sheep/efinance	b	Microsheep	7	0.079545	83	0.020672	-0.058873	11	45	4
Micro-sheep/efinance	b	Allen Li	1	0.011364	52	0.012951	0.001588	11	45	4
Micro-sheep/efinance	b	lervisnh	1	0.011364	5	0.001245	-0.010118	11	45	4
Micro-sheep/efinance	c	sheep	79	0.897727	1173	0.914263	0.016536	5	45	4
Micro-sheep/efinance	c	lervisnh	1	0.011364	105	0.081839	0.070476	5	45	4
Micro-sheep/efinance	c	Microsheep	7	0.079545	5	0.003897	-0.075648	5	45	4
Micro-sheep/efinance	c	Allen Li	1	0.011364	0	0.000000	-0.011364	5	45	4
lektor/lektor	a	Jeff Dairiki	427	0.285237	3531	0.460846	0.175609	95	474	110
lektor/lektor	a	Armin Ronacher	153	0.102204	1240	0.161838	0.059633	95	474	110
lektor/lektor	a	Jakob Schnitzer	423	0.282565	1190	0.155312	-0.127253	95	474	110
lektor/lektor	a	Stavros Korokithakis	4	0.002672	401	0.052336	0.049664	95	474	110
lektor/lektor	a	Joseph Nix	132	0.088176	286	0.037327	-0.050849	95	474	110
lektor/lektor	a	José Carlos García	2	0.001336	126	0.016445	0.015109	95	474	110
lektor/lektor	a	Aleph Melo	1	0.000668	126	0.016445	0.015777	95	474	110
lektor/lektor	a	Robert	1	0.000668	126	0.016445	0.015777	95	474	110
lektor/lektor	a	Andreas Runfalk	11	0.007348	124	0.016184	0.008836	95	474	110
lektor/lektor	a	Sungjin Kang	1	0.000668	116	0.015140	0.014472	95	474	110
lektor/lektor	a	Stéphane Raimbault	1	0.000668	70	0.009136	0.008468	95	474	110
lektor/lektor	a	David Baumgold	44	0.029392	66	0.008614	-0.020778	95	474	110
lektor/lektor	a	ThomasG77	2	0.001336	55	0.007178	0.005842	95	474	110
lektor/lektor	a	A. Jesse Jiryu Davis	32	0.021376	50	0.006526	-0.014850	95	474	110
lektor/lektor	a	Frost Ming	7	0.004676	26	0.003393	-0.001283	95	474	110
lektor/lektor	a	Jonas	2	0.001336	23	0.003002	0.001666	95	474	110
lektor/lektor	a	Uwe Kamper	2	0.001336	14	0.001827	0.000491	95	474	110
lektor/lektor	a	Ionuț Ciocîrlan	32	0.021376	13	0.001697	-0.019679	95	474	110
lektor/lektor	a	Andrew Shay	1	0.000668	13	0.001697	0.001029	95	474	110
lektor/lektor	a	Rafael Laverde	31	0.020708	11	0.001436	-0.019272	95	474	110
lektor/lektor	a	Hyunjun Kim	1	0.000668	9	0.001175	0.000507	95	474	110
lektor/lektor	a	Patrick Gerken	1	0.000668	7	0.000914	0.000246	95	474	110
lektor/lektor	a	relikd	1	0.000668	7	0.000914	0.000246	95	474	110
lektor/lektor	a	Dara Adib	2	0.001336	5	0.000653	-0.000683	95	474	110
lektor/lektor	a	m-lib	1	0.000668	4	0.000522	-0.000146	95	474	110
lektor/lektor	a	Tim Gates	2	0.001336	3	0.000392	-0.000944	95	474	110
lektor/lektor	a	Anthony Plunkett	1	0.000668	3	0.000392	-0.000276	95	474	110
lektor/lektor	a	David Barragán Merino	3	0.002004	2	0.000261	-0.001743	95	474	110
lektor/lektor	a	Antonio Cavallo	2	0.001336	2	0.000261	-0.001075	95	474	110
lektor/lektor	a	Jesús Losada	2	0.001336	2	0.000261	-0.001075	95	474	110
lektor/lektor	a	Spencer Nelson	1	0.000668	2	0.000261	-0.000407	95	474	110
lektor/lektor	a	Tzu-ping Chung	1	0.000668	2	0.000261	-0.000407	95	474	110
lektor/lektor	a	Ian Castleden	6	0.004008	1	0.000131	-0.003878	95	474	110
lektor/lektor	a	Philipp Bosch	5	0.003340	1	0.000131	-0.003209	95	474	110
lektor/lektor	a	Ruben	3	0.002004	1	0.000131	-0.001873	95	474	110
lektor/lektor	a	Lukas Bockstaller	2	0.001336	1	0.000131	-0.001205	95	474	110
lektor/lektor	a	goofy-bz	1	0.000668	1	0.000131	-0.000537	95	474	110
lektor/lektor	a	KimKyung-man	1	0.000668	1	0.000131	-0.000537	95	474	110
lektor/lektor	a	jhrdt	1	0.000668	1	0.000131	-0.000537	95	474	110
lektor/lektor	a	dependabot[bot]	9	0.006012	0	0.000000	-0.006012	95	474	110
lektor/lektor	a	vanadium23	9	0.006012	0	0.000000	-0.006012	95	474	110
lektor/lektor	a	Gonzalo Peña-Castellanos	9	0.006012	0	0.000000	-0.006012	95	474	110
lektor/lektor	a	Tobias Pfeiffer	9	0.006012	0	0.000000	-0.006012	95	474	110
lektor/lektor	a	Dr. Tarique Sani	5	0.003340	0	0.000000	-0.003340	95	474	110
lektor/lektor	a	Mickael Reuzé	4	0.002672	0	0.000000	-0.002672	95	474	110
lektor/lektor	a	David Ferguson	4	0.002672	0	0.000000	-0.002672	95	474	110
lektor/lektor	a	Eduard Bopp	4	0.002672	0	0.000000	-0.002672	95	474	110
lektor/lektor	a	f-seven	4	0.002672	0	0.000000	-0.002672	95	474	110
lektor/lektor	a	Kentaro0919	4	0.002672	0	0.000000	-0.002672	95	474	110
lektor/lektor	a	Luka Zakrajšek	4	0.002672	0	0.000000	-0.002672	95	474	110
lektor/lektor	a	Patrick Gerken	3	0.002004	0	0.000000	-0.002004	95	474	110
lektor/lektor	a	Elias Zeitfogel	3	0.002004	0	0.000000	-0.002004	95	474	110
lektor/lektor	a	eljoest	3	0.002004	0	0.000000	-0.002004	95	474	110
lektor/lektor	a	George Y. Kussumoto	3	0.002004	0	0.000000	-0.002004	95	474	110
lektor/lektor	a	lyenliang	3	0.002004	0	0.000000	-0.002004	95	474	110
lektor/lektor	a	Kim Jin Su	3	0.002004	0	0.000000	-0.002004	95	474	110
lektor/lektor	a	Jason Traub	3	0.002004	0	0.000000	-0.002004	95	474	110
lektor/lektor	a	lyenliang	3	0.002004	0	0.000000	-0.002004	95	474	110
lektor/lektor	a	Doc Ritezel and Patricia Arbona	3	0.002004	0	0.000000	-0.002004	95	474	110
lektor/lektor	a	Sebastian Reuße	3	0.002004	0	0.000000	-0.002004	95	474	110
lektor/lektor	a	Stavros Korokithakis	3	0.002004	0	0.000000	-0.002004	95	474	110
lektor/lektor	a	Anton Vlasenko	2	0.001336	0	0.000000	-0.001336	95	474	110
lektor/lektor	a	Eric Ma	2	0.001336	0	0.000000	-0.001336	95	474	110
lektor/lektor	a	Ismael Luceno	2	0.001336	0	0.000000	-0.001336	95	474	110
lektor/lektor	a	go-bears	2	0.001336	0	0.000000	-0.001336	95	474	110
lektor/lektor	a	Atsushi Suga	1	0.000668	0	0.000000	-0.000668	95	474	110
lektor/lektor	a	Alex Ramsdell	1	0.000668	0	0.000000	-0.000668	95	474	110
lektor/lektor	a	Anthony Nemitz	1	0.000668	0	0.000000	-0.000668	95	474	110
lektor/lektor	a	The Gitter Badger	1	0.000668	0	0.000000	-0.000668	95	474	110
lektor/lektor	a	Brian Cappello	1	0.000668	0	0.000000	-0.000668	95	474	110
lektor/lektor	a	C.A.M. Gerlach	1	0.000668	0	0.000000	-0.000668	95	474	110
lektor/lektor	a	Corey Grunewald	1	0.000668	0	0.000000	-0.000668	95	474	110
lektor/lektor	a	Corey Grunewald	1	0.000668	0	0.000000	-0.000668	95	474	110
lektor/lektor	a	David Lord	1	0.000668	0	0.000000	-0.000668	95	474	110
lektor/lektor	a	Edward Betts	1	0.000668	0	0.000000	-0.000668	95	474	110
lektor/lektor	a	Riaan F Venter	1	0.000668	0	0.000000	-0.000668	95	474	110
lektor/lektor	a	Emmanuel Leblond	1	0.000668	0	0.000000	-0.000668	95	474	110
lektor/lektor	a	f-seven	1	0.000668	0	0.000000	-0.000668	95	474	110
lektor/lektor	a	Pavel Alimpiev	1	0.000668	0	0.000000	-0.000668	95	474	110
lektor/lektor	a	Florian Schulze	1	0.000668	0	0.000000	-0.000668	95	474	110
lektor/lektor	a	Gaurav Kumar	1	0.000668	0	0.000000	-0.000668	95	474	110
lektor/lektor	a	germn	1	0.000668	0	0.000000	-0.000668	95	474	110
lektor/lektor	a	go-bears	1	0.000668	0	0.000000	-0.000668	95	474	110
lektor/lektor	a	Patrik Dufresne	1	0.000668	0	0.000000	-0.000668	95	474	110
lektor/lektor	a	Patrik Dufresne	1	0.000668	0	0.000000	-0.000668	95	474	110
lektor/lektor	a	Xavi Torelló	1	0.000668	0	0.000000	-0.000668	95	474	110
lektor/lektor	a	item4	1	0.000668	0	0.000000	-0.000668	95	474	110
lektor/lektor	a	jab	1	0.000668	0	0.000000	-0.000668	95	474	110
lektor/lektor	a	Jonathan Goodson	1	0.000668	0	0.000000	-0.000668	95	474	110
lektor/lektor	a	Hyunjun Kim	1	0.000668	0	0.000000	-0.000668	95	474	110
lektor/lektor	a	Kyle Crawshaw	1	0.000668	0	0.000000	-0.000668	95	474	110
lektor/lektor	a	Kartheek Lenkala	1	0.000668	0	0.000000	-0.000668	95	474	110
lektor/lektor	a	Lukas Bockstaller	1	0.000668	0	0.000000	-0.000668	95	474	110
lektor/lektor	a	Mateusz Pianka	1	0.000668	0	0.000000	-0.000668	95	474	110
lektor/lektor	a	Martin Joerg	1	0.000668	0	0.000000	-0.000668	95	474	110
lektor/lektor	a	Chris Morgan	1	0.000668	0	0.000000	-0.000668	95	474	110
lektor/lektor	a	Hsiaoming Yang	1	0.000668	0	0.000000	-0.000668	95	474	110
lektor/lektor	a	pascalmolin	1	0.000668	0	0.000000	-0.000668	95	474	110
lektor/lektor	a	Oz N Tiram	1	0.000668	0	0.000000	-0.000668	95	474	110
lektor/lektor	a	Pietro Albini	1	0.000668	0	0.000000	-0.000668	95	474	110
lektor/lektor	a	Pietro Albini	1	0.000668	0	0.000000	-0.000668	95	474	110
lektor/lektor	a	Niels van Rongen	1	0.000668	0	0.000000	-0.000668	95	474	110
lektor/lektor	a	SHIMIZU Taku	1	0.000668	0	0.000000	-0.000668	95	474	110
lektor/lektor	a	tom	1	0.000668	0	0.000000	-0.000668	95	474	110
lektor/lektor	a	Ulrich Petri	1	0.000668	0	0.000000	-0.000668	95	474	110
lektor/lektor	a	H. Turgut Uyar	1	0.000668	0	0.000000	-0.000668	95	474	110
lektor/lektor	a	Vinzenz Sinapius	1	0.000668	0	0.000000	-0.000668	95	474	110
lektor/lektor	a	🇺🇦 Sviatoslav Sydorenko (Святослав Сидоренко)	1	0.000668	0	0.000000	-0.000668	95	474	110
lektor/lektor	a	🇺🇦 Sviatoslav Sydorenko (Святослав Сидоренко)	1	0.000668	0	0.000000	-0.000668	95	474	110
lektor/lektor	a	🇺🇦 Sviatoslav Sydorenko (Святослав Сидоренко)	1	0.000668	0	0.000000	-0.000668	95	474	110
lektor/lektor	b	Jeff Dairiki	427	0.285237	5247	0.503551	0.218314	104	474	110
lektor/lektor	b	Armin Ronacher	153	0.102204	1759	0.168810	0.066606	104	474	110
lektor/lektor	b	Jakob Schnitzer	423	0.282565	1164	0.111708	-0.170857	104	474	110
lektor/lektor	b	Stavros Korokithakis	4	0.002672	552	0.052975	0.050303	104	474	110
lektor/lektor	b	Joseph Nix	132	0.088176	464	0.044530	-0.043647	104	474	110
lektor/lektor	b	Andreas Runfalk	11	0.007348	277	0.026583	0.019235	104	474	110
lektor/lektor	b	A. Jesse Jiryu Davis	32	0.021376	171	0.016411	-0.004965	104	474	110
lektor/lektor	b	Aleph Melo	1	0.000668	126	0.012092	0.011424	104	474	110
lektor/lektor	b	Pietro Albini	1	0.000668	126	0.012092	0.011424	104	474	110
lektor/lektor	b	Ionuț Ciocîrlan	32	0.021376	96	0.009213	-0.012163	104	474	110
lektor/lektor	b	Rafael Laverde	31	0.020708	78	0.007486	-0.013222	104	474	110
lektor/lektor	b	Stéphane Raimbault	1	0.000668	70	0.006718	0.006050	104	474	110
lektor/lektor	b	David Baumgold	44	0.029392	61	0.005854	-0.023538	104	474	110
lektor/lektor	b	ThomasG77	2	0.001336	55	0.005278	0.003942	104	474	110
lektor/lektor	b	goanpeca	9	0.006012	41	0.003935	-0.002077	104	474	110
lektor/lektor	b	🇺🇦 Sviatoslav Sydorenko (Святослав Сидоренко)	1	0.000668	29	0.002783	0.002115	104	474	110
lektor/lektor	b	Frost Ming	7	0.004676	24	0.002303	-0.002373	104	474	110
lektor/lektor	b	Jonas	2	0.001336	23	0.002207	0.000871	104	474	110
lektor/lektor	b	Andrew Shay	1	0.000668	10	0.000960	0.000292	104	474	110
lektor/lektor	b	Patrick Gerken	1	0.000668	8	0.000768	0.000100	104	474	110
lektor/lektor	b	item4	1	0.000668	7	0.000672	0.000004	104	474	110
lektor/lektor	b	Ian Castleden	6	0.004008	6	0.000576	-0.003432	104	474	110
lektor/lektor	b	Lukas Bockstaller	2	0.001336	6	0.000576	-0.000760	104	474	110
lektor/lektor	b	Patrick Gerken	3	0.002004	2	0.000192	-0.001812	104	474	110
lektor/lektor	b	Antonio Cavallo	2	0.001336	2	0.000192	-0.001144	104	474	110
lektor/lektor	b	Lukas Bockstaller	1	0.000668	2	0.000192	-0.000476	104	474	110
lektor/lektor	b	🇺🇦 Sviatoslav Sydorenko (Святослав Сидоренко)	1	0.000668	2	0.000192	-0.000476	104	474	110
lektor/lektor	b	Tobias Pfeiffer	9	0.006012	1	0.000096	-0.005916	104	474	110
lektor/lektor	b	Eduard Bopp	4	0.002672	1	0.000096	-0.002576	104	474	110
lektor/lektor	b	lyenliang	3	0.002004	1	0.000096	-0.001908	104	474	110
lektor/lektor	b	Jesús Losada	2	0.001336	1	0.000096	-0.001240	104	474	110
lektor/lektor	b	Ismael Luceno	2	0.001336	1	0.000096	-0.001240	104	474	110
lektor/lektor	b	go-bears	1	0.000668	1	0.000096	-0.000572	104	474	110
lektor/lektor	b	goofy-bz	1	0.000668	1	0.000096	-0.000572	104	474	110
lektor/lektor	b	Patrik Dufresne	1	0.000668	1	0.000096	-0.000572	104	474	110
lektor/lektor	b	jhrdt	1	0.000668	1	0.000096	-0.000572	104	474	110
lektor/lektor	b	Martin Joerg	1	0.000668	1	0.000096	-0.000572	104	474	110
lektor/lektor	b	Chris Morgan	1	0.000668	1	0.000096	-0.000572	104	474	110
lektor/lektor	b	pascalmolin	1	0.000668	1	0.000096	-0.000572	104	474	110
lektor/lektor	b	dependabot[bot]	9	0.006012	0	0.000000	-0.006012	104	474	110
lektor/lektor	b	vanadium23	9	0.006012	0	0.000000	-0.006012	104	474	110
lektor/lektor	b	Philipp Bosch	5	0.003340	0	0.000000	-0.003340	104	474	110
lektor/lektor	b	Dr. Tarique Sani	5	0.003340	0	0.000000	-0.003340	104	474	110
lektor/lektor	b	Mickael Reuzé	4	0.002672	0	0.000000	-0.002672	104	474	110
lektor/lektor	b	David Ferguson	4	0.002672	0	0.000000	-0.002672	104	474	110
lektor/lektor	b	f-seven	4	0.002672	0	0.000000	-0.002672	104	474	110
lektor/lektor	b	Kentaro0919	4	0.002672	0	0.000000	-0.002672	104	474	110
lektor/lektor	b	Luka Zakrajšek	4	0.002672	0	0.000000	-0.002672	104	474	110
lektor/lektor	b	David Barragán Merino	3	0.002004	0	0.000000	-0.002004	104	474	110
lektor/lektor	b	Elias Zeitfogel	3	0.002004	0	0.000000	-0.002004	104	474	110
lektor/lektor	b	eljoest	3	0.002004	0	0.000000	-0.002004	104	474	110
lektor/lektor	b	George Y. Kussumoto	3	0.002004	0	0.000000	-0.002004	104	474	110
lektor/lektor	b	Ruben	3	0.002004	0	0.000000	-0.002004	104	474	110
lektor/lektor	b	lyenliang	3	0.002004	0	0.000000	-0.002004	104	474	110
lektor/lektor	b	Kim Jin Su	3	0.002004	0	0.000000	-0.002004	104	474	110
lektor/lektor	b	Jason Traub	3	0.002004	0	0.000000	-0.002004	104	474	110
lektor/lektor	b	Doc Ritezel and Patricia Arbona	3	0.002004	0	0.000000	-0.002004	104	474	110
lektor/lektor	b	Sebastian Reuße	3	0.002004	0	0.000000	-0.002004	104	474	110
lektor/lektor	b	Stavros Korokithakis	3	0.002004	0	0.000000	-0.002004	104	474	110
lektor/lektor	b	Anton Vlasenko	2	0.001336	0	0.000000	-0.001336	104	474	110
lektor/lektor	b	Dara Adib	2	0.001336	0	0.000000	-0.001336	104	474	110
lektor/lektor	b	Eric Ma	2	0.001336	0	0.000000	-0.001336	104	474	110
lektor/lektor	b	Uwe Kamper	2	0.001336	0	0.000000	-0.001336	104	474	110
lektor/lektor	b	go-bears	2	0.001336	0	0.000000	-0.001336	104	474	110
lektor/lektor	b	José Carlos García	2	0.001336	0	0.000000	-0.001336	104	474	110
lektor/lektor	b	Tim Gates	2	0.001336	0	0.000000	-0.001336	104	474	110
lektor/lektor	b	Atsushi Suga	1	0.000668	0	0.000000	-0.000668	104	474	110
lektor/lektor	b	Alex Ramsdell	1	0.000668	0	0.000000	-0.000668	104	474	110
lektor/lektor	b	Anthony Nemitz	1	0.000668	0	0.000000	-0.000668	104	474	110
lektor/lektor	b	Anthony Plunkett	1	0.000668	0	0.000000	-0.000668	104	474	110
lektor/lektor	b	The Gitter Badger	1	0.000668	0	0.000000	-0.000668	104	474	110
lektor/lektor	b	Brian Cappello	1	0.000668	0	0.000000	-0.000668	104	474	110
lektor/lektor	b	C.A.M. Gerlach	1	0.000668	0	0.000000	-0.000668	104	474	110
lektor/lektor	b	Corey Grunewald	1	0.000668	0	0.000000	-0.000668	104	474	110
lektor/lektor	b	Corey Grunewald	1	0.000668	0	0.000000	-0.000668	104	474	110
lektor/lektor	b	David Lord	1	0.000668	0	0.000000	-0.000668	104	474	110
lektor/lektor	b	Edward Betts	1	0.000668	0	0.000000	-0.000668	104	474	110
lektor/lektor	b	Riaan F Venter	1	0.000668	0	0.000000	-0.000668	104	474	110
lektor/lektor	b	Emmanuel Leblond	1	0.000668	0	0.000000	-0.000668	104	474	110
lektor/lektor	b	f-seven	1	0.000668	0	0.000000	-0.000668	104	474	110
lektor/lektor	b	Pavel Alimpiev	1	0.000668	0	0.000000	-0.000668	104	474	110
lektor/lektor	b	Florian Schulze	1	0.000668	0	0.000000	-0.000668	104	474	110
lektor/lektor	b	Gaurav Kumar	1	0.000668	0	0.000000	-0.000668	104	474	110
lektor/lektor	b	germn	1	0.000668	0	0.000000	-0.000668	104	474	110
lektor/lektor	b	KimKyung-man	1	0.000668	0	0.000000	-0.000668	104	474	110
lektor/lektor	b	Patrik Dufresne	1	0.000668	0	0.000000	-0.000668	104	474	110
lektor/lektor	b	Xavi Torelló	1	0.000668	0	0.000000	-0.000668	104	474	110
lektor/lektor	b	jab	1	0.000668	0	0.000000	-0.000668	104	474	110
lektor/lektor	b	Jonathan Goodson	1	0.000668	0	0.000000	-0.000668	104	474	110
lektor/lektor	b	Hyunjun Kim	1	0.000668	0	0.000000	-0.000668	104	474	110
lektor/lektor	b	Kyle Crawshaw	1	0.000668	0	0.000000	-0.000668	104	474	110
lektor/lektor	b	Kartheek Lenkala	1	0.000668	0	0.000000	-0.000668	104	474	110
lektor/lektor	b	m-lib	1	0.000668	0	0.000000	-0.000668	104	474	110
lektor/lektor	b	Mateusz Pianka	1	0.000668	0	0.000000	-0.000668	104	474	110
lektor/lektor	b	Hsiaoming Yang	1	0.000668	0	0.000000	-0.000668	104	474	110
lektor/lektor	b	Oz N Tiram	1	0.000668	0	0.000000	-0.000668	104	474	110
lektor/lektor	b	relikd	1	0.000668	0	0.000000	-0.000668	104	474	110
lektor/lektor	b	Pietro Albini	1	0.000668	0	0.000000	-0.000668	104	474	110
lektor/lektor	b	Niels van Rongen	1	0.000668	0	0.000000	-0.000668	104	474	110
lektor/lektor	b	Robert	1	0.000668	0	0.000000	-0.000668	104	474	110
lektor/lektor	b	SHIMIZU Taku	1	0.000668	0	0.000000	-0.000668	104	474	110
lektor/lektor	b	Spencer Nelson	1	0.000668	0	0.000000	-0.000668	104	474	110
lektor/lektor	b	tom	1	0.000668	0	0.000000	-0.000668	104	474	110
lektor/lektor	b	Sungjin Kang	1	0.000668	0	0.000000	-0.000668	104	474	110
lektor/lektor	b	Ulrich Petri	1	0.000668	0	0.000000	-0.000668	104	474	110
lektor/lektor	b	Tzu-ping Chung	1	0.000668	0	0.000000	-0.000668	104	474	110
lektor/lektor	b	H. Turgut Uyar	1	0.000668	0	0.000000	-0.000668	104	474	110
lektor/lektor	b	Vinzenz Sinapius	1	0.000668	0	0.000000	-0.000668	104	474	110
lektor/lektor	b	🇺🇦 Sviatoslav Sydorenko (Святослав Сидоренко)	1	0.000668	0	0.000000	-0.000668	104	474	110
lektor/lektor	b	Hyunjun Kim	1	0.000668	0	0.000000	-0.000668	104	474	110
lektor/lektor	c	Jeff Dairiki	427	0.285237	3404	0.466557	0.181320	111	474	110
lektor/lektor	c	Jakob Schnitzer	423	0.282565	1556	0.213268	-0.069298	111	474	110
lektor/lektor	c	Armin Ronacher	153	0.102204	879	0.120477	0.018273	111	474	110
lektor/lektor	c	Stavros Korokithakis	4	0.002672	375	0.051398	0.048726	111	474	110
lektor/lektor	c	Joseph Nix	132	0.088176	343	0.047012	-0.041164	111	474	110
lektor/lektor	c	José Carlos García	2	0.001336	126	0.017270	0.015934	111	474	110
lektor/lektor	c	Pietro Albini	1	0.000668	126	0.017270	0.016602	111	474	110
lektor/lektor	c	Rafael Laverde	31	0.020708	96	0.013158	-0.007550	111	474	110
lektor/lektor	c	lyenliang	3	0.002004	90	0.012336	0.010332	111	474	110
lektor/lektor	c	A. Jesse Jiryu Davis	32	0.021376	53	0.007264	-0.014112	111	474	110
lektor/lektor	c	Ionuț Ciocîrlan	32	0.021376	52	0.007127	-0.014249	111	474	110
lektor/lektor	c	lyenliang	3	0.002004	36	0.004934	0.002930	111	474	110
lektor/lektor	c	Frost Ming	7	0.004676	26	0.003564	-0.001112	111	474	110
lektor/lektor	c	Jonas	2	0.001336	23	0.003152	0.001816	111	474	110
lektor/lektor	c	David Baumgold	44	0.029392	16	0.002193	-0.027199	111	474	110
lektor/lektor	c	Jesús Losada	2	0.001336	16	0.002193	0.000857	111	474	110
lektor/lektor	c	Mickael Reuzé	4	0.002672	12	0.001645	-0.001027	111	474	110
lektor/lektor	c	Pavel Alimpiev	1	0.000668	12	0.001645	0.000977	111	474	110
lektor/lektor	c	eljoest	3	0.002004	10	0.001371	-0.000633	111	474	110
lektor/lektor	c	item4	1	0.000668	7	0.000959	0.000291	111	474	110
lektor/lektor	c	relikd	1	0.000668	7	0.000959	0.000291	111	474	110
lektor/lektor	c	Andreas Runfalk	11	0.007348	6	0.000822	-0.006526	111	474	110
lektor/lektor	c	Ian Castleden	6	0.004008	6	0.000822	-0.003186	111	474	110
lektor/lektor	c	f-seven	4	0.002672	5	0.000685	-0.001987	111	474	110
lektor/lektor	c	Patrick Gerken	3	0.002004	4	0.000548	-0.001456	111	474	110
lektor/lektor	c	dependabot[bot]	9	0.006012	2	0.000274	-0.005738	111	474	110
lektor/lektor	c	Doc Ritezel and Patricia Arbona	3	0.002004	2	0.000274	-0.001730	111	474	110
lektor/lektor	c	tom	1	0.000668	2	0.000274	-0.000394	111	474	110
lektor/lektor	c	Lukas Bockstaller	2	0.001336	1	0.000137	-0.001199	111	474	110
lektor/lektor	c	Tim Gates	2	0.001336	1	0.000137	-0.001199	111	474	110
lektor/lektor	c	Corey Grunewald	1	0.000668	1	0.000137	-0.000531	111	474	110
lektor/lektor	c	jhrdt	1	0.000668	1	0.000137	-0.000531	111	474	110
lektor/lektor	c	vanadium23	9	0.006012	0	0.000000	-0.006012	111	474	110
lektor/lektor	c	Gonzalo Peña-Castellanos	9	0.006012	0	0.000000	-0.006012	111	474	110
lektor/lektor	c	Tobias Pfeiffer	9	0.006012	0	0.000000	-0.006012	111	474	110
lektor/lektor	c	Philipp Bosch	5	0.003340	0	0.000000	-0.003340	111	474	110
lektor/lektor	c	Dr. Tarique Sani	5	0.003340	0	0.000000	-0.003340	111	474	110
lektor/lektor	c	David Ferguson	4	0.002672	0	0.000000	-0.002672	111	474	110
lektor/lektor	c	Eduard Bopp	4	0.002672	0	0.000000	-0.002672	111	474	110
lektor/lektor	c	Kentaro0919	4	0.002672	0	0.000000	-0.002672	111	474	110
lektor/lektor	c	Luka Zakrajšek	4	0.002672	0	0.000000	-0.002672	111	474	110
lektor/lektor	c	David Barragán Merino	3	0.002004	0	0.000000	-0.002004	111	474	110
lektor/lektor	c	Elias Zeitfogel	3	0.002004	0	0.000000	-0.002004	111	474	110
lektor/lektor	c	George Y. Kussumoto	3	0.002004	0	0.000000	-0.002004	111	474	110
lektor/lektor	c	Ruben	3	0.002004	0	0.000000	-0.002004	111	474	110
lektor/lektor	c	Kim Jin Su	3	0.002004	0	0.000000	-0.002004	111	474	110
lektor/lektor	c	Jason Traub	3	0.002004	0	0.000000	-0.002004	111	474	110
lektor/lektor	c	Sebastian Reuße	3	0.002004	0	0.000000	-0.002004	111	474	110
lektor/lektor	c	Stavros Korokithakis	3	0.002004	0	0.000000	-0.002004	111	474	110
lektor/lektor	c	Antonio Cavallo	2	0.001336	0	0.000000	-0.001336	111	474	110
lektor/lektor	c	Anton Vlasenko	2	0.001336	0	0.000000	-0.001336	111	474	110
lektor/lektor	c	Dara Adib	2	0.001336	0	0.000000	-0.001336	111	474	110
lektor/lektor	c	Eric Ma	2	0.001336	0	0.000000	-0.001336	111	474	110
lektor/lektor	c	Ismael Luceno	2	0.001336	0	0.000000	-0.001336	111	474	110
lektor/lektor	c	Uwe Kamper	2	0.001336	0	0.000000	-0.001336	111	474	110
lektor/lektor	c	go-bears	2	0.001336	0	0.000000	-0.001336	111	474	110
lektor/lektor	c	Thomas Gratier	2	0.001336	0	0.000000	-0.001336	111	474	110
lektor/lektor	c	Andrew Shay	1	0.000668	0	0.000000	-0.000668	111	474	110
lektor/lektor	c	Atsushi Suga	1	0.000668	0	0.000000	-0.000668	111	474	110
lektor/lektor	c	Aleph Melo	1	0.000668	0	0.000000	-0.000668	111	474	110
lektor/lektor	c	Alex Ramsdell	1	0.000668	0	0.000000	-0.000668	111	474	110
lektor/lektor	c	Anthony Nemitz	1	0.000668	0	0.000000	-0.000668	111	474	110
lektor/lektor	c	Anthony Plunkett	1	0.000668	0	0.000000	-0.000668	111	474	110
lektor/lektor	c	The Gitter Badger	1	0.000668	0	0.000000	-0.000668	111	474	110
lektor/lektor	c	Brian Cappello	1	0.000668	0	0.000000	-0.000668	111	474	110
lektor/lektor	c	C.A.M. Gerlach	1	0.000668	0	0.000000	-0.000668	111	474	110
lektor/lektor	c	Corey Grunewald	1	0.000668	0	0.000000	-0.000668	111	474	110
lektor/lektor	c	David Lord	1	0.000668	0	0.000000	-0.000668	111	474	110
lektor/lektor	c	Patrick Gerken	1	0.000668	0	0.000000	-0.000668	111	474	110
lektor/lektor	c	Edward Betts	1	0.000668	0	0.000000	-0.000668	111	474	110
lektor/lektor	c	Riaan F Venter	1	0.000668	0	0.000000	-0.000668	111	474	110
lektor/lektor	c	Emmanuel Leblond	1	0.000668	0	0.000000	-0.000668	111	474	110
lektor/lektor	c	f-seven	1	0.000668	0	0.000000	-0.000668	111	474	110
lektor/lektor	c	Florian Schulze	1	0.000668	0	0.000000	-0.000668	111	474	110
lektor/lektor	c	Gaurav Kumar	1	0.000668	0	0.000000	-0.000668	111	474	110
lektor/lektor	c	germn	1	0.000668	0	0.000000	-0.000668	111	474	110
lektor/lektor	c	go-bears	1	0.000668	0	0.000000	-0.000668	111	474	110
lektor/lektor	c	goofy-bz	1	0.000668	0	0.000000	-0.000668	111	474	110
lektor/lektor	c	KimKyung-man	1	0.000668	0	0.000000	-0.000668	111	474	110
lektor/lektor	c	Patrik Dufresne	1	0.000668	0	0.000000	-0.000668	111	474	110
lektor/lektor	c	Patrik Dufresne	1	0.000668	0	0.000000	-0.000668	111	474	110
lektor/lektor	c	Xavi Torelló	1	0.000668	0	0.000000	-0.000668	111	474	110
lektor/lektor	c	jab	1	0.000668	0	0.000000	-0.000668	111	474	110
lektor/lektor	c	Jonathan Goodson	1	0.000668	0	0.000000	-0.000668	111	474	110
lektor/lektor	c	Hyunjun Kim	1	0.000668	0	0.000000	-0.000668	111	474	110
lektor/lektor	c	Kyle Crawshaw	1	0.000668	0	0.000000	-0.000668	111	474	110
lektor/lektor	c	Kartheek Lenkala	1	0.000668	0	0.000000	-0.000668	111	474	110
lektor/lektor	c	Lukas Bockstaller	1	0.000668	0	0.000000	-0.000668	111	474	110
lektor/lektor	c	m-lib	1	0.000668	0	0.000000	-0.000668	111	474	110
lektor/lektor	c	Mateusz Pianka	1	0.000668	0	0.000000	-0.000668	111	474	110
lektor/lektor	c	Martin Joerg	1	0.000668	0	0.000000	-0.000668	111	474	110
lektor/lektor	c	Chris Morgan	1	0.000668	0	0.000000	-0.000668	111	474	110
lektor/lektor	c	Hsiaoming Yang	1	0.000668	0	0.000000	-0.000668	111	474	110
lektor/lektor	c	pascalmolin	1	0.000668	0	0.000000	-0.000668	111	474	110
lektor/lektor	c	Oz N Tiram	1	0.000668	0	0.000000	-0.000668	111	474	110
lektor/lektor	c	Pietro Albini	1	0.000668	0	0.000000	-0.000668	111	474	110
lektor/lektor	c	Niels van Rongen	1	0.000668	0	0.000000	-0.000668	111	474	110
lektor/lektor	c	Robert	1	0.000668	0	0.000000	-0.000668	111	474	110
lektor/lektor	c	SHIMIZU Taku	1	0.000668	0	0.000000	-0.000668	111	474	110
lektor/lektor	c	Spencer Nelson	1	0.000668	0	0.000000	-0.000668	111	474	110
lektor/lektor	c	Stéphane Raimbault	1	0.000668	0	0.000000	-0.000668	111	474	110
lektor/lektor	c	Sungjin Kang	1	0.000668	0	0.000000	-0.000668	111	474	110
lektor/lektor	c	Ulrich Petri	1	0.000668	0	0.000000	-0.000668	111	474	110
lektor/lektor	c	Tzu-ping Chung	1	0.000668	0	0.000000	-0.000668	111	474	110
lektor/lektor	c	H. Turgut Uyar	1	0.000668	0	0.000000	-0.000668	111	474	110
lektor/lektor	c	Vinzenz Sinapius	1	0.000668	0	0.000000	-0.000668	111	474	110
lektor/lektor	c	🇺🇦 Sviatoslav Sydorenko (Святослав Сидоренко)	1	0.000668	0	0.000000	-0.000668	111	474	110
lektor/lektor	c	🇺🇦 Sviatoslav Sydorenko (Святослав Сидоренко)	1	0.000668	0	0.000000	-0.000668	111	474	110
lektor/lektor	c	🇺🇦 Sviatoslav Sydorenko (Святослав Сидоренко)	1	0.000668	0	0.000000	-0.000668	111	474	110
lektor/lektor	c	Hyunjun Kim	1	0.000668	0	0.000000	-0.000668	111	474	110
kashav/fsql	a	Kashav Madan	141	0.940000	1797	0.972929	0.032929	16	59	8
kashav/fsql	a	Brian Jones	3	0.020000	46	0.024905	0.004905	16	59	8
kashav/fsql	a	dependabot[bot]	1	0.006667	3	0.001624	-0.005042	16	59	8
kashav/fsql	a	guoguangwu	1	0.006667	1	0.000541	-0.006125	16	59	8
kashav/fsql	a	Harald Nordgren	1	0.006667	0	0.000000	-0.006667	16	59	8
kashav/fsql	a	Khagesh Patel	1	0.006667	0	0.000000	-0.006667	16	59	8
kashav/fsql	a	Matthisk Heimensen	1	0.006667	0	0.000000	-0.006667	16	59	8
kashav/fsql	a	Ricardo Seriani	1	0.006667	0	0.000000	-0.006667	16	59	8
kashav/fsql	b	Kashav Madan	141	0.940000	1102	0.993688	0.053688	15	59	8
kashav/fsql	b	dependabot[bot]	1	0.006667	6	0.005410	-0.001256	15	59	8
kashav/fsql	b	guoguangwu	1	0.006667	1	0.000902	-0.005765	15	59	8
kashav/fsql	b	Brian Jones	3	0.020000	0	0.000000	-0.020000	15	59	8
kashav/fsql	b	Harald Nordgren	1	0.006667	0	0.000000	-0.006667	15	59	8
kashav/fsql	b	Khagesh Patel	1	0.006667	0	0.000000	-0.006667	15	59	8
kashav/fsql	b	Matthisk Heimensen	1	0.006667	0	0.000000	-0.006667	15	59	8
kashav/fsql	b	Ricardo Seriani	1	0.006667	0	0.000000	-0.006667	15	59	8
kashav/fsql	c	Kashav Madan	141	0.940000	762	0.998689	0.058689	11	59	8
kashav/fsql	c	Brian Jones	3	0.020000	1	0.001311	-0.018689	11	59	8
kashav/fsql	c	dependabot[bot]	1	0.006667	0	0.000000	-0.006667	11	59	8
kashav/fsql	c	guoguangwu	1	0.006667	0	0.000000	-0.006667	11	59	8
kashav/fsql	c	Harald Nordgren	1	0.006667	0	0.000000	-0.006667	11	59	8
kashav/fsql	c	Khagesh Patel	1	0.006667	0	0.000000	-0.006667	11	59	8
kashav/fsql	c	Matthisk Heimensen	1	0.006667	0	0.000000	-0.006667	11	59	8
kashav/fsql	c	Ricardo Seriani	1	0.006667	0	0.000000	-0.006667	11	59	8
willnorris/imageproxy	a	Will Norris	378	0.790795	1538	0.816348	0.025553	14	45	52
willnorris/imageproxy	a	Mike Dalessio	1	0.002092	68	0.036093	0.034001	14	45	52
willnorris/imageproxy	a	Harrison Healey	1	0.002092	48	0.025478	0.023386	14	45	52
willnorris/imageproxy	a	sl	1	0.002092	29	0.015393	0.013301	14	45	52
willnorris/imageproxy	a	Matthew Beatty	1	0.002092	28	0.014862	0.012770	14	45	52
willnorris/imageproxy	a	Maciej Tarnowski	1	0.002092	23	0.012208	0.010116	14	45	52
willnorris/imageproxy	a	Jacopo	1	0.002092	21	0.011146	0.009054	14	45	52
willnorris/imageproxy	a	Ben Haan	1	0.002092	20	0.010616	0.008524	14	45	52
willnorris/imageproxy	a	Will Norris	22	0.046025	18	0.009554	-0.036471	14	45	52
willnorris/imageproxy	a	Connor Peet	1	0.002092	18	0.009554	0.007462	14	45	52
willnorris/imageproxy	a	Vetle Leinonen-Roeim	1	0.002092	17	0.009023	0.006931	14	45	52
willnorris/imageproxy	a	Christopher Brown	1	0.002092	10	0.005308	0.003216	14	45	52
willnorris/imageproxy	a	Pete Smith	1	0.002092	10	0.005308	0.003216	14	45	52
willnorris/imageproxy	a	Mauro Ciancio	1	0.002092	9	0.004777	0.002685	14	45	52
willnorris/imageproxy	a	Ivan Ivanov	2	0.004184	7	0.003715	-0.000469	14	45	52
willnorris/imageproxy	a	Rune Madsen	6	0.012552	5	0.002654	-0.009898	14	45	52
willnorris/imageproxy	a	matematik7	1	0.002092	5	0.002654	0.000562	14	45	52
willnorris/imageproxy	a	Sevki	2	0.004184	3	0.001592	-0.002592	14	45	52
willnorris/imageproxy	a	James Reggio	1	0.002092	3	0.001592	-0.000500	14	45	52
willnorris/imageproxy	a	dependabot[bot]	14	0.029289	1	0.000531	-0.028758	14	45	52
willnorris/imageproxy	a	Bastian Winkler	1	0.002092	1	0.000531	-0.001561	14	45	52
willnorris/imageproxy	a	Ethan Mick	1	0.002092	1	0.000531	-0.001561	14	45	52
willnorris/imageproxy	a	yinpeng	1	0.002092	1	0.000531	-0.001561	14	45	52
willnorris/imageproxy	a	Blake Stoddard	7	0.014644	0	0.000000	-0.014644	14	45	52
willnorris/imageproxy	a	Diego Marangoni	2	0.004184	0	0.000000	-0.004184	14	45	52
willnorris/imageproxy	a	orian	2	0.004184	0	0.000000	-0.004184	14	45	52
willnorris/imageproxy	a	dependabot-preview[bot]	1	0.002092	0	0.000000	-0.002092	14	45	52
willnorris/imageproxy	a	Abdullah Saleem	1	0.002092	0	0.000000	-0.002092	14	45	52
willnorris/imageproxy	a	Albert Song	1	0.002092	0	0.000000	-0.002092	14	45	52
willnorris/imageproxy	a	Alexandre Testu	1	0.002092	0	0.000000	-0.002092	14	45	52
willnorris/imageproxy	a	Amirhosein Zlf	1	0.002092	0	0.000000	-0.002092	14	45	52
willnorris/imageproxy	a	Shahan Khan	1	0.002092	0	0.000000	-0.002092	14	45	52
willnorris/imageproxy	a	Dao Hoang Son	1	0.002092	0	0.000000	-0.002092	14	45	52
willnorris/imageproxy	a	Geras Ghulyan	1	0.002092	0	0.000000	-0.002092	14	45	52
willnorris/imageproxy	a	Hugues Alary	1	0.002092	0	0.000000	-0.002092	14	45	52
willnorris/imageproxy	a	Denis Izmaylov	1	0.002092	0	0.000000	-0.002092	14	45	52
willnorris/imageproxy	a	John Bolliger	1	0.002092	0	0.000000	-0.002092	14	45	52
willnorris/imageproxy	a	yvind Ngai Johnsen	1	0.002092	0	0.000000	-0.002092	14	45	52
willnorris/imageproxy	a	Michael Carey	1	0.002092	0	0.000000	-0.002092	14	45	52
willnorris/imageproxy	a	Simon Ramsay	1	0.002092	0	0.000000	-0.002092	14	45	52
willnorris/imageproxy	a	Parker Moore	1	0.002092	0	0.000000	-0.002092	14	45	52
willnorris/imageproxy	a	Paul Roy	1	0.002092	0	0.000000	-0.002092	14	45	52
willnorris/imageproxy	a	Phil Howell	1	0.002092	0	0.000000	-0.002092	14	45	52
willnorris/imageproxy	a	xavren	1	0.002092	0	0.000000	-0.002092	14	45	52
willnorris/imageproxy	a	Romanos	1	0.002092	0	0.000000	-0.002092	14	45	52
willnorris/imageproxy	a	Sevki	1	0.002092	0	0.000000	-0.002092	14	45	52
willnorris/imageproxy	a	Thom Wright	1	0.002092	0	0.000000	-0.002092	14	45	52
willnorris/imageproxy	a	Vincent Reydet	1	0.002092	0	0.000000	-0.002092	14	45	52
willnorris/imageproxy	a	Victor Trac	1	0.002092	0	0.000000	-0.002092	14	45	52
willnorris/imageproxy	a	Vincent Reydet	1	0.002092	0	0.000000	-0.002092	14	45	52
willnorris/imageproxy	a	Wilrik	1	0.002092	0	0.000000	-0.002092	14	45	52
willnorris/imageproxy	a	Yassine ABOUKIR	1	0.002092	0	0.000000	-0.002092	14	45	52
willnorris/imageproxy	b	Will Norris	378	0.790795	2157	0.829296	0.038501	14	45	52
willnorris/imageproxy	b	Vetle Leinonen-Roeim	1	0.002092	68	0.026144	0.024052	14	45	52
willnorris/imageproxy	b	Blake Stoddard	7	0.014644	53	0.020377	0.005732	14	45	52
willnorris/imageproxy	b	Will Norris	22	0.046025	42	0.016148	-0.029877	14	45	52
willnorris/imageproxy	b	Maciej Tarnowski	1	0.002092	40	0.015379	0.013287	14	45	52
willnorris/imageproxy	b	orian	2	0.004184	23	0.008843	0.004659	14	45	52
willnorris/imageproxy	b	Harrison Healey	1	0.002092	22	0.008458	0.006366	14	45	52
willnorris/imageproxy	b	sl	1	0.002092	21	0.008074	0.005982	14	45	52
willnorris/imageproxy	b	Ivan Ivanov	2	0.004184	20	0.007689	0.003505	14	45	52
willnorris/imageproxy	b	Matthew Beatty	1	0.002092	20	0.007689	0.005597	14	45	52
willnorris/imageproxy	b	Ben Haan	1	0.002092	15	0.005767	0.003675	14	45	52
willnorris/imageproxy	b	Rune Madsen	6	0.012552	14	0.005383	-0.007170	14	45	52
willnorris/imageproxy	b	Christopher Brown	1	0.002092	14	0.005383	0.003290	14	45	52
willnorris/imageproxy	b	Connor Peet	1	0.002092	14	0.005383	0.003290	14	45	52
willnorris/imageproxy	b	dependabot[bot]	14	0.029289	11	0.004229	-0.025060	14	45	52
willnorris/imageproxy	b	Hugues Alary	1	0.002092	11	0.004229	0.002137	14	45	52
willnorris/imageproxy	b	Jacopo	1	0.002092	10	0.003845	0.001753	14	45	52
willnorris/imageproxy	b	Mike Dalessio	1	0.002092	8	0.003076	0.000984	14	45	52
willnorris/imageproxy	b	Geras Ghulyan	1	0.002092	7	0.002691	0.000599	14	45	52
willnorris/imageproxy	b	Mauro Ciancio	1	0.002092	7	0.002691	0.000599	14	45	52
willnorris/imageproxy	b	yvind Ngai Johnsen	1	0.002092	6	0.002307	0.000215	14	45	52
willnorris/imageproxy	b	Phil Howell	1	0.002092	4	0.001538	-0.000554	14	45	52
willnorris/imageproxy	b	Romanos	1	0.002092	4	0.001538	-0.000554	14	45	52
willnorris/imageproxy	b	Yassine ABOUKIR	1	0.002092	3	0.001153	-0.000939	14	45	52
willnorris/imageproxy	b	Bastian Winkler	1	0.002092	2	0.000769	-0.001323	14	45	52
willnorris/imageproxy	b	Wilrik	1	0.002092	2	0.000769	-0.001323	14	45	52
willnorris/imageproxy	b	Shahan Khan	1	0.002092	1	0.000384	-0.001708	14	45	52
willnorris/imageproxy	b	James Reggio	1	0.002092	1	0.000384	-0.001708	14	45	52
willnorris/imageproxy	b	Michael Carey	1	0.002092	1	0.000384	-0.001708	14	45	52
willnorris/imageproxy	b	Diego Marangoni	2	0.004184	0	0.000000	-0.004184	14	45	52
willnorris/imageproxy	b	Sevki	2	0.004184	0	0.000000	-0.004184	14	45	52
willnorris/imageproxy	b	dependabot-preview[bot]	1	0.002092	0	0.000000	-0.002092	14	45	52
willnorris/imageproxy	b	Abdullah Saleem	1	0.002092	0	0.000000	-0.002092	14	45	52
willnorris/imageproxy	b	Albert Song	1	0.002092	0	0.000000	-0.002092	14	45	52
willnorris/imageproxy	b	Alexandre Testu	1	0.002092	0	0.000000	-0.002092	14	45	52
willnorris/imageproxy	b	Amirhosein Zlf	1	0.002092	0	0.000000	-0.002092	14	45	52
willnorris/imageproxy	b	Dao Hoang Son	1	0.002092	0	0.000000	-0.002092	14	45	52
willnorris/imageproxy	b	matematik7	1	0.002092	0	0.000000	-0.002092	14	45	52
willnorris/imageproxy	b	Ethan Mick	1	0.002092	0	0.000000	-0.002092	14	45	52
willnorris/imageproxy	b	Denis Izmaylov	1	0.002092	0	0.000000	-0.002092	14	45	52
willnorris/imageproxy	b	John Bolliger	1	0.002092	0	0.000000	-0.002092	14	45	52
willnorris/imageproxy	b	Simon Ramsay	1	0.002092	0	0.000000	-0.002092	14	45	52
willnorris/imageproxy	b	Parker Moore	1	0.002092	0	0.000000	-0.002092	14	45	52
willnorris/imageproxy	b	Paul Roy	1	0.002092	0	0.000000	-0.002092	14	45	52
willnorris/imageproxy	b	Pete Smith	1	0.002092	0	0.000000	-0.002092	14	45	52
willnorris/imageproxy	b	xavren	1	0.002092	0	0.000000	-0.002092	14	45	52
willnorris/imageproxy	b	Sevki	1	0.002092	0	0.000000	-0.002092	14	45	52
willnorris/imageproxy	b	Thom Wright	1	0.002092	0	0.000000	-0.002092	14	45	52
willnorris/imageproxy	b	Vincent Reydet	1	0.002092	0	0.000000	-0.002092	14	45	52
willnorris/imageproxy	b	Victor Trac	1	0.002092	0	0.000000	-0.002092	14	45	52
willnorris/imageproxy	b	Vincent Reydet	1	0.002092	0	0.000000	-0.002092	14	45	52
willnorris/imageproxy	b	yinpeng	1	0.002092	0	0.000000	-0.002092	14	45	52
willnorris/imageproxy	c	Will Norris	378	0.790795	526	0.823161	0.032366	2	45	52
willnorris/imageproxy	c	Vetle Leinonen-Roeim	1	0.002092	43	0.067293	0.065201	2	45	52
willnorris/imageproxy	c	Matthew Beatty	1	0.002092	20	0.031299	0.029207	2	45	52
willnorris/imageproxy	c	Maciej Tarnowski	1	0.002092	19	0.029734	0.027642	2	45	52
willnorris/imageproxy	c	Blake Stoddard	7	0.014644	11	0.017214	0.002570	2	45	52
willnorris/imageproxy	c	orian	2	0.004184	7	0.010955	0.006771	2	45	52
willnorris/imageproxy	c	Pete Smith	1	0.002092	4	0.006260	0.004168	2	45	52
willnorris/imageproxy	c	sl	1	0.002092	4	0.006260	0.004168	2	45	52
willnorris/imageproxy	c	Ben Haan	1	0.002092	3	0.004695	0.002603	2	45	52
willnorris/imageproxy	c	Rune Madsen	6	0.012552	2	0.003130	-0.009422	2	45	52
willnorris/imageproxy	c	Will Norris	22	0.046025	0	0.000000	-0.046025	2	45	52
willnorris/imageproxy	c	dependabot[bot]	14	0.029289	0	0.000000	-0.029289	2	45	52
willnorris/imageproxy	c	Diego Marangoni	2	0.004184	0	0.000000	-0.004184	2	45	52
willnorris/imageproxy	c	Ivan Ivanov	2	0.004184	0	0.000000	-0.004184	2	45	52
willnorris/imageproxy	c	Sevki	2	0.004184	0	0.000000	-0.004184	2	45	52
willnorris/imageproxy	c	dependabot-preview[bot]	1	0.002092	0	0.000000	-0.002092	2	45	52
willnorris/imageproxy	c	Abdullah Saleem	1	0.002092	0	0.000000	-0.002092	2	45	52
willnorris/imageproxy	c	Albert Song	1	0.002092	0	0.000000	-0.002092	2	45	52
willnorris/imageproxy	c	Alexandre Testu	1	0.002092	0	0.000000	-0.002092	2	45	52
willnorris/imageproxy	c	Amirhosein Zlf	1	0.002092	0	0.000000	-0.002092	2	45	52
willnorris/imageproxy	c	Jacopo	1	0.002092	0	0.000000	-0.002092	2	45	52
willnorris/imageproxy	c	Bastian Winkler	1	0.002092	0	0.000000	-0.002092	2	45	52
willnorris/imageproxy	c	Christopher Brown	1	0.002092	0	0.000000	-0.002092	2	45	52
willnorris/imageproxy	c	Connor Peet	1	0.002092	0	0.000000	-0.002092	2	45	52
willnorris/imageproxy	c	Shahan Khan	1	0.002092	0	0.000000	-0.002092	2	45	52
willnorris/imageproxy	c	Dao Hoang Son	1	0.002092	0	0.000000	-0.002092	2	45	52
willnorris/imageproxy	c	matematik7	1	0.002092	0	0.000000	-0.002092	2	45	52
willnorris/imageproxy	c	Ethan Mick	1	0.002092	0	0.000000	-0.002092	2	45	52
willnorris/imageproxy	c	Geras Ghulyan	1	0.002092	0	0.000000	-0.002092	2	45	52
willnorris/imageproxy	c	Harrison Healey	1	0.002092	0	0.000000	-0.002092	2	45	52
willnorris/imageproxy	c	Hugues Alary	1	0.002092	0	0.000000	-0.002092	2	45	52
willnorris/imageproxy	c	Denis Izmaylov	1	0.002092	0	0.000000	-0.002092	2	45	52
willnorris/imageproxy	c	James Reggio	1	0.002092	0	0.000000	-0.002092	2	45	52
willnorris/imageproxy	c	John Bolliger	1	0.002092	0	0.000000	-0.002092	2	45	52
willnorris/imageproxy	c	yvind Ngai Johnsen	1	0.002092	0	0.000000	-0.002092	2	45	52
willnorris/imageproxy	c	Mauro Ciancio	1	0.002092	0	0.000000	-0.002092	2	45	52
willnorris/imageproxy	c	Mike Dalessio	1	0.002092	0	0.000000	-0.002092	2	45	52
willnorris/imageproxy	c	Michael Carey	1	0.002092	0	0.000000	-0.002092	2	45	52
willnorris/imageproxy	c	Simon Ramsay	1	0.002092	0	0.000000	-0.002092	2	45	52
willnorris/imageproxy	c	Parker Moore	1	0.002092	0	0.000000	-0.002092	2	45	52
willnorris/imageproxy	c	Paul Roy	1	0.002092	0	0.000000	-0.002092	2	45	52
willnorris/imageproxy	c	Phil Howell	1	0.002092	0	0.000000	-0.002092	2	45	52
willnorris/imageproxy	c	xavren	1	0.002092	0	0.000000	-0.002092	2	45	52
willnorris/imageproxy	c	Romanos	1	0.002092	0	0.000000	-0.002092	2	45	52
willnorris/imageproxy	c	Sevki	1	0.002092	0	0.000000	-0.002092	2	45	52
willnorris/imageproxy	c	Thom Wright	1	0.002092	0	0.000000	-0.002092	2	45	52
willnorris/imageproxy	c	Vincent Reydet	1	0.002092	0	0.000000	-0.002092	2	45	52
willnorris/imageproxy	c	Victor Trac	1	0.002092	0	0.000000	-0.002092	2	45	52
willnorris/imageproxy	c	Vincent Reydet	1	0.002092	0	0.000000	-0.002092	2	45	52
willnorris/imageproxy	c	Wilrik	1	0.002092	0	0.000000	-0.002092	2	45	52
willnorris/imageproxy	c	Yassine ABOUKIR	1	0.002092	0	0.000000	-0.002092	2	45	52
willnorris/imageproxy	c	yinpeng	1	0.002092	0	0.000000	-0.002092	2	45	52
mcuadros/ofelia	a	Taras	23	0.095436	1115	0.521515	0.426080	15	51	43
mcuadros/ofelia	a	Máximo Cuadros	47	0.195021	691	0.323199	0.128179	15	51	43
mcuadros/ofelia	a	Taras Postument	25	0.103734	123	0.057530	-0.046204	15	51	43
mcuadros/ofelia	a	Wallace	1	0.004149	61	0.028531	0.024382	15	51	43
mcuadros/ofelia	a	Taras	19	0.078838	35	0.016370	-0.062468	15	51	43
mcuadros/ofelia	a	Henadz Trubach	1	0.004149	20	0.009355	0.005205	15	51	43
mcuadros/ofelia	a	github-actions[bot]	69	0.286307	14	0.006548	-0.279759	15	51	43
mcuadros/ofelia	a	CircleCI	3	0.012448	13	0.006080	-0.006368	15	51	43
mcuadros/ofelia	a	Dimitri Herzog	3	0.012448	12	0.005613	-0.006835	15	51	43
mcuadros/ofelia	a	Peter Teich	2	0.008299	11	0.005145	-0.003154	15	51	43
mcuadros/ofelia	a	thatside	2	0.008299	10	0.004677	-0.003621	15	51	43
mcuadros/ofelia	a	Jonathan Gough	1	0.004149	8	0.003742	-0.000408	15	51	43
mcuadros/ofelia	a	Taras	7	0.029046	7	0.003274	-0.025772	15	51	43
mcuadros/ofelia	a	Marcel Horner	1	0.004149	6	0.002806	-0.001343	15	51	43
mcuadros/ofelia	a	WoLfulus	2	0.008299	4	0.001871	-0.006428	15	51	43
mcuadros/ofelia	a	Arumugam J	1	0.004149	3	0.001403	-0.002746	15	51	43
mcuadros/ofelia	a	Matt Vinall	1	0.004149	2	0.000935	-0.003214	15	51	43
mcuadros/ofelia	a	Remco Schoen	1	0.004149	2	0.000935	-0.003214	15	51	43
mcuadros/ofelia	a	guoguangwu	1	0.004149	1	0.000468	-0.003682	15	51	43
mcuadros/ofelia	a	dependabot[bot]	4	0.016598	0	0.000000	-0.016598	15	51	43
mcuadros/ofelia	a	Peter	3	0.012448	0	0.000000	-0.012448	15	51	43
mcuadros/ofelia	a	Vadim Markovtsev	2	0.008299	0	0.000000	-0.008299	15	51	43
mcuadros/ofelia	a	Joanna Paulger	2	0.008299	0	0.000000	-0.008299	15	51	43
mcuadros/ofelia	a	Dominik Polzer	1	0.004149	0	0.000000	-0.004149	15	51	43
mcuadros/ofelia	a	Gediminas Milašius	1	0.004149	0	0.000000	-0.004149	15	51	43
mcuadros/ofelia	a	Aaron Neustedter	1	0.004149	0	0.000000	-0.004149	15	51	43
mcuadros/ofelia	a	Alce Ops	1	0.004149	0	0.000000	-0.004149	15	51	43
mcuadros/ofelia	a	Ashley Sommer	1	0.004149	0	0.000000	-0.004149	15	51	43
mcuadros/ofelia	a	Ludal	1	0.004149	0	0.000000	-0.004149	15	51	43
mcuadros/ofelia	a	fresus	1	0.004149	0	0.000000	-0.004149	15	51	43
mcuadros/ofelia	a	Jens Willemsens	1	0.004149	0	0.000000	-0.004149	15	51	43
mcuadros/ofelia	a	JeLuF	1	0.004149	0	0.000000	-0.004149	15	51	43
mcuadros/ofelia	a	Kirtan Gajjar	1	0.004149	0	0.000000	-0.004149	15	51	43
mcuadros/ofelia	a	ksurl	1	0.004149	0	0.000000	-0.004149	15	51	43
mcuadros/ofelia	a	Lennard Berger	1	0.004149	0	0.000000	-0.004149	15	51	43
mcuadros/ofelia	a	Sébastien Celles	1	0.004149	0	0.000000	-0.004149	15	51	43
mcuadros/ofelia	a	Simone M. Zucchi	1	0.004149	0	0.000000	-0.004149	15	51	43
mcuadros/ofelia	a	Tano Abeleyra	1	0.004149	0	0.000000	-0.004149	15	51	43
mcuadros/ofelia	a	Cody Hiar	1	0.004149	0	0.000000	-0.004149	15	51	43
mcuadros/ofelia	a	Tim Gerundt	1	0.004149	0	0.000000	-0.004149	15	51	43
mcuadros/ofelia	a	Carlos Cobo	1	0.004149	0	0.000000	-0.004149	15	51	43
mcuadros/ofelia	a	Varlog Err	1	0.004149	0	0.000000	-0.004149	15	51	43
mcuadros/ofelia	a	Vitaliy Tverdokhlib	1	0.004149	0	0.000000	-0.004149	15	51	43
mcuadros/ofelia	b	Taras	23	0.095436	729	0.380679	0.285243	16	51	43
mcuadros/ofelia	b	Máximo Cuadros	47	0.195021	646	0.337337	0.142316	16	51	43
mcuadros/ofelia	b	Taras Postument	25	0.103734	269	0.140470	0.036736	16	51	43
mcuadros/ofelia	b	CircleCI	3	0.012448	132	0.068930	0.056481	16	51	43
mcuadros/ofelia	b	taraspos	19	0.078838	36	0.018799	-0.060039	16	51	43
mcuadros/ofelia	b	github-actions[bot]	69	0.286307	26	0.013577	-0.272730	16	51	43
mcuadros/ofelia	b	Wallace	1	0.004149	25	0.013055	0.008905	16	51	43
mcuadros/ofelia	b	thatside	2	0.008299	10	0.005222	-0.003077	16	51	43
mcuadros/ofelia	b	Dimitri Herzog	3	0.012448	8	0.004178	-0.008271	16	51	43
mcuadros/ofelia	b	Peter Teich	2	0.008299	8	0.004178	-0.004121	16	51	43
mcuadros/ofelia	b	Henadz Trubach	1	0.004149	6	0.003133	-0.001016	16	51	43
mcuadros/ofelia	b	Marcel Horner	1	0.004149	6	0.003133	-0.001016	16	51	43
mcuadros/ofelia	b	Ashley Sommer	1	0.004149	5	0.002611	-0.001538	16	51	43
mcuadros/ofelia	b	Taras	7	0.029046	2	0.001044	-0.028001	16	51	43
mcuadros/ofelia	b	Peter	3	0.012448	2	0.001044	-0.011404	16	51	43
mcuadros/ofelia	b	Arumugam J	1	0.004149	2	0.001044	-0.003105	16	51	43
mcuadros/ofelia	b	Varlog Err	1	0.004149	2	0.001044	-0.003105	16	51	43
mcuadros/ofelia	b	guoguangwu	1	0.004149	1	0.000522	-0.003627	16	51	43
mcuadros/ofelia	b	dependabot[bot]	4	0.016598	0	0.000000	-0.016598	16	51	43
mcuadros/ofelia	b	Vadim Markovtsev	2	0.008299	0	0.000000	-0.008299	16	51	43
mcuadros/ofelia	b	Joanna Paulger	2	0.008299	0	0.000000	-0.008299	16	51	43
mcuadros/ofelia	b	WoLfulus	2	0.008299	0	0.000000	-0.008299	16	51	43
mcuadros/ofelia	b	Dominik Polzer	1	0.004149	0	0.000000	-0.004149	16	51	43
mcuadros/ofelia	b	Gediminas Milašius	1	0.004149	0	0.000000	-0.004149	16	51	43
mcuadros/ofelia	b	Aaron Neustedter	1	0.004149	0	0.000000	-0.004149	16	51	43
mcuadros/ofelia	b	Alce Ops	1	0.004149	0	0.000000	-0.004149	16	51	43
mcuadros/ofelia	b	Ludal	1	0.004149	0	0.000000	-0.004149	16	51	43
mcuadros/ofelia	b	fresus	1	0.004149	0	0.000000	-0.004149	16	51	43
mcuadros/ofelia	b	Jens Willemsens	1	0.004149	0	0.000000	-0.004149	16	51	43
mcuadros/ofelia	b	JeLuF	1	0.004149	0	0.000000	-0.004149	16	51	43
mcuadros/ofelia	b	Jonathan Gough	1	0.004149	0	0.000000	-0.004149	16	51	43
mcuadros/ofelia	b	Kirtan Gajjar	1	0.004149	0	0.000000	-0.004149	16	51	43
mcuadros/ofelia	b	ksurl	1	0.004149	0	0.000000	-0.004149	16	51	43
mcuadros/ofelia	b	Lennard Berger	1	0.004149	0	0.000000	-0.004149	16	51	43
mcuadros/ofelia	b	Matt Vinall	1	0.004149	0	0.000000	-0.004149	16	51	43
mcuadros/ofelia	b	Remco Schoen	1	0.004149	0	0.000000	-0.004149	16	51	43
mcuadros/ofelia	b	Sébastien Celles	1	0.004149	0	0.000000	-0.004149	16	51	43
mcuadros/ofelia	b	Simone M. Zucchi	1	0.004149	0	0.000000	-0.004149	16	51	43
mcuadros/ofelia	b	Tano Abeleyra	1	0.004149	0	0.000000	-0.004149	16	51	43
mcuadros/ofelia	b	Cody Hiar	1	0.004149	0	0.000000	-0.004149	16	51	43
mcuadros/ofelia	b	Tim Gerundt	1	0.004149	0	0.000000	-0.004149	16	51	43
mcuadros/ofelia	b	Carlos Cobo	1	0.004149	0	0.000000	-0.004149	16	51	43
mcuadros/ofelia	b	Vitaliy Tverdokhlib	1	0.004149	0	0.000000	-0.004149	16	51	43
mcuadros/ofelia	c	Máximo Cuadros	47	0.195021	483	0.408975	0.213955	11	51	43
mcuadros/ofelia	c	Taras Postument	25	0.103734	292	0.247248	0.143514	11	51	43
mcuadros/ofelia	c	Taras	23	0.095436	216	0.182896	0.087460	11	51	43
mcuadros/ofelia	c	CircleCI	3	0.012448	135	0.114310	0.101862	11	51	43
mcuadros/ofelia	c	Taras	19	0.078838	35	0.029636	-0.049202	11	51	43
mcuadros/ofelia	c	fresus	1	0.004149	6	0.005080	0.000931	11	51	43
mcuadros/ofelia	c	Marcel Horner	1	0.004149	6	0.005080	0.000931	11	51	43
mcuadros/ofelia	c	github-actions[bot]	69	0.286307	5	0.004234	-0.282073	11	51	43
mcuadros/ofelia	c	Dimitri Herzog	3	0.012448	2	0.001693	-0.010755	11	51	43
mcuadros/ofelia	c	guoguangwu	1	0.004149	1	0.000847	-0.003303	11	51	43
mcuadros/ofelia	c	Taras	7	0.029046	0	0.000000	-0.029046	11	51	43
mcuadros/ofelia	c	dependabot[bot]	4	0.016598	0	0.000000	-0.016598	11	51	43
mcuadros/ofelia	c	Peter	3	0.012448	0	0.000000	-0.012448	11	51	43
mcuadros/ofelia	c	thatside	2	0.008299	0	0.000000	-0.008299	11	51	43
mcuadros/ofelia	c	Vadim Markovtsev	2	0.008299	0	0.000000	-0.008299	11	51	43
mcuadros/ofelia	c	Joanna Paulger	2	0.008299	0	0.000000	-0.008299	11	51	43
mcuadros/ofelia	c	Peter Teich	2	0.008299	0	0.000000	-0.008299	11	51	43
mcuadros/ofelia	c	WoLfulus	2	0.008299	0	0.000000	-0.008299	11	51	43
mcuadros/ofelia	c	Henadz Trubach	1	0.004149	0	0.000000	-0.004149	11	51	43
mcuadros/ofelia	c	Dominik Polzer	1	0.004149	0	0.000000	-0.004149	11	51	43
mcuadros/ofelia	c	Gediminas Milašius	1	0.004149	0	0.000000	-0.004149	11	51	43
mcuadros/ofelia	c	Aaron Neustedter	1	0.004149	0	0.000000	-0.004149	11	51	43
mcuadros/ofelia	c	Alce Ops	1	0.004149	0	0.000000	-0.004149	11	51	43
mcuadros/ofelia	c	Ashley Sommer	1	0.004149	0	0.000000	-0.004149	11	51	43
mcuadros/ofelia	c	Ludal	1	0.004149	0	0.000000	-0.004149	11	51	43
mcuadros/ofelia	c	Jens Willemsens	1	0.004149	0	0.000000	-0.004149	11	51	43
mcuadros/ofelia	c	JeLuF	1	0.004149	0	0.000000	-0.004149	11	51	43
mcuadros/ofelia	c	Jonathan Gough	1	0.004149	0	0.000000	-0.004149	11	51	43
mcuadros/ofelia	c	Kirtan Gajjar	1	0.004149	0	0.000000	-0.004149	11	51	43
mcuadros/ofelia	c	ksurl	1	0.004149	0	0.000000	-0.004149	11	51	43
mcuadros/ofelia	c	Wallace	1	0.004149	0	0.000000	-0.004149	11	51	43
mcuadros/ofelia	c	Lennard Berger	1	0.004149	0	0.000000	-0.004149	11	51	43
mcuadros/ofelia	c	Matt Vinall	1	0.004149	0	0.000000	-0.004149	11	51	43
mcuadros/ofelia	c	Remco Schoen	1	0.004149	0	0.000000	-0.004149	11	51	43
mcuadros/ofelia	c	Sébastien Celles	1	0.004149	0	0.000000	-0.004149	11	51	43
mcuadros/ofelia	c	Simone M. Zucchi	1	0.004149	0	0.000000	-0.004149	11	51	43
mcuadros/ofelia	c	Arumugam J	1	0.004149	0	0.000000	-0.004149	11	51	43
mcuadros/ofelia	c	Tano Abeleyra	1	0.004149	0	0.000000	-0.004149	11	51	43
mcuadros/ofelia	c	Cody Hiar	1	0.004149	0	0.000000	-0.004149	11	51	43
mcuadros/ofelia	c	Tim Gerundt	1	0.004149	0	0.000000	-0.004149	11	51	43
mcuadros/ofelia	c	Carlos Cobo	1	0.004149	0	0.000000	-0.004149	11	51	43
mcuadros/ofelia	c	Varlog Err	1	0.004149	0	0.000000	-0.004149	11	51	43
mcuadros/ofelia	c	Vitaliy Tverdokhlib	1	0.004149	0	0.000000	-0.004149	11	51	43
linkedin/Burrow	a	Todd Palino	47	0.112981	3348	0.751178	0.638197	22	91	127
linkedin/Burrow	a	Tim Cuthbertson	9	0.021635	307	0.068880	0.047246	22	91	127
linkedin/Burrow	a	Todd Palino	48	0.115385	213	0.047790	-0.067595	22	91	127
linkedin/Burrow	a	Vlad Gorodetsky	75	0.180288	177	0.039713	-0.140576	22	91	127
linkedin/Burrow	a	Vlad Gorodetsky	17	0.040865	139	0.031187	-0.009678	22	91	127
linkedin/Burrow	a	Lawrence	3	0.007212	53	0.011891	0.004680	22	91	127
linkedin/Burrow	a	jgmchan	1	0.002404	31	0.006955	0.004552	22	91	127
linkedin/Burrow	a	Clemens Valiente	9	0.021635	30	0.006731	-0.014904	22	91	127
linkedin/Burrow	a	Trevor North	2	0.004808	26	0.005834	0.001026	22	91	127
linkedin/Burrow	a	Joseph Glanville	1	0.002404	19	0.004263	0.001859	22	91	127
linkedin/Burrow	a	Sergei Klochkov	1	0.002404	16	0.003590	0.001186	22	91	127
linkedin/Burrow	a	Mpampis Kostas	1	0.002404	12	0.002692	0.000289	22	91	127
linkedin/Burrow	a	Raymond	5	0.012019	11	0.002468	-0.009551	22	91	127
linkedin/Burrow	a	Usiel Riedl	3	0.007212	10	0.002244	-0.004968	22	91	127
linkedin/Burrow	a	Max Tuzzolino	1	0.002404	8	0.001795	-0.000609	22	91	127
linkedin/Burrow	a	Shu Heng	3	0.007212	7	0.001571	-0.005641	22	91	127
linkedin/Burrow	a	luva	2	0.004808	7	0.001571	-0.003237	22	91	127
linkedin/Burrow	a	Christopher Beard	1	0.002404	6	0.001346	-0.001058	22	91	127
linkedin/Burrow	a	Nils Larsgård	1	0.002404	6	0.001346	-0.001058	22	91	127
linkedin/Burrow	a	dependabot[bot]	8	0.019231	4	0.000897	-0.018333	22	91	127
linkedin/Burrow	a	Christoph Hösler	3	0.007212	4	0.000897	-0.006314	22	91	127
linkedin/Burrow	a	Justin Nauman	1	0.002404	4	0.000897	-0.001506	22	91	127
linkedin/Burrow	a	Elad Leev	1	0.002404	3	0.000673	-0.001731	22	91	127
linkedin/Burrow	a	Roni Lichtman	1	0.002404	3	0.000673	-0.001731	22	91	127
linkedin/Burrow	a	jsvisa	14	0.033654	2	0.000449	-0.033205	22	91	127
linkedin/Burrow	a	HIMANSHU SHARMA	1	0.002404	2	0.000449	-0.001955	22	91	127
linkedin/Burrow	a	Eric Long	1	0.002404	2	0.000449	-0.001955	22	91	127
linkedin/Burrow	a	ygsa	1	0.002404	2	0.000449	-0.001955	22	91	127
linkedin/Burrow	a	Diego Alvarez	9	0.021635	1	0.000224	-0.021410	22	91	127
linkedin/Burrow	a	Lukas Vanhoucke	4	0.009615	1	0.000224	-0.009391	22	91	127
linkedin/Burrow	a	Dominic Evans	1	0.002404	1	0.000224	-0.002179	22	91	127
linkedin/Burrow	a	klDen	1	0.002404	1	0.000224	-0.002179	22	91	127
linkedin/Burrow	a	Tomas Baltrunas	1	0.002404	1	0.000224	-0.002179	22	91	127
linkedin/Burrow	a	Mark Riley	6	0.014423	0	0.000000	-0.014423	22	91	127
linkedin/Burrow	a	ms7s	5	0.012019	0	0.000000	-0.012019	22	91	127
linkedin/Burrow	a	Roger Hwang	4	0.009615	0	0.000000	-0.009615	22	91	127
linkedin/Burrow	a	Oleksandr Diamantopulo	3	0.007212	0	0.000000	-0.007212	22	91	127
linkedin/Burrow	a	Jan te Beest	3	0.007212	0	0.000000	-0.007212	22	91	127
linkedin/Burrow	a	Jimmy Bonds	3	0.007212	0	0.000000	-0.007212	22	91	127
linkedin/Burrow	a	Mikhail Chugunkov	3	0.007212	0	0.000000	-0.007212	22	91	127
linkedin/Burrow	a	Radu Brumariu	3	0.007212	0	0.000000	-0.007212	22	91	127
linkedin/Burrow	a	Stéphane Cottin	3	0.007212	0	0.000000	-0.007212	22	91	127
linkedin/Burrow	a	vas78	2	0.004808	0	0.000000	-0.004808	22	91	127
linkedin/Burrow	a	Alvaro Olmedo	2	0.004808	0	0.000000	-0.004808	22	91	127
linkedin/Burrow	a	Christian Gregg	2	0.004808	0	0.000000	-0.004808	22	91	127
linkedin/Burrow	a	curtiseppel	2	0.004808	0	0.000000	-0.004808	22	91	127
linkedin/Burrow	a	Hang Sun	2	0.004808	0	0.000000	-0.004808	22	91	127
linkedin/Burrow	a	Hortal, Javier	2	0.004808	0	0.000000	-0.004808	22	91	127
linkedin/Burrow	a	Jesse Yates	2	0.004808	0	0.000000	-0.004808	22	91	127
linkedin/Burrow	a	Shuai Lin	2	0.004808	0	0.000000	-0.004808	22	91	127
linkedin/Burrow	a	matsu-chara	2	0.004808	0	0.000000	-0.004808	22	91	127
linkedin/Burrow	a	Mark Drago	2	0.004808	0	0.000000	-0.004808	22	91	127
linkedin/Burrow	a	meimeil	2	0.004808	0	0.000000	-0.004808	22	91	127
linkedin/Burrow	a	Mario Longobardi	2	0.004808	0	0.000000	-0.004808	22	91	127
linkedin/Burrow	a	Mark Penny	2	0.004808	0	0.000000	-0.004808	22	91	127
linkedin/Burrow	a	David Pippenger	2	0.004808	0	0.000000	-0.004808	22	91	127
linkedin/Burrow	a	Radovenchyk	2	0.004808	0	0.000000	-0.004808	22	91	127
linkedin/Burrow	a	Sahil Thapar	2	0.004808	0	0.000000	-0.004808	22	91	127
linkedin/Burrow	a	JW Song	2	0.004808	0	0.000000	-0.004808	22	91	127
linkedin/Burrow	a	Tom Noonan II	2	0.004808	0	0.000000	-0.004808	22	91	127
linkedin/Burrow	a	Christophe Marchal	2	0.004808	0	0.000000	-0.004808	22	91	127
linkedin/Burrow	a	vvuibert	2	0.004808	0	0.000000	-0.004808	22	91	127
linkedin/Burrow	a	Christos Trochalakis	2	0.004808	0	0.000000	-0.004808	22	91	127
linkedin/Burrow	a	Salman Muin Kayser Chishti	1	0.002404	0	0.000000	-0.002404	22	91	127
linkedin/Burrow	a	hunshenshi	1	0.002404	0	0.000000	-0.002404	22	91	127
linkedin/Burrow	a	Tom Lee	1	0.002404	0	0.000000	-0.002404	22	91	127
linkedin/Burrow	a	Adam Shannon	1	0.002404	0	0.000000	-0.002404	22	91	127
linkedin/Burrow	a	Alessandro D. Gagliardi	1	0.002404	0	0.000000	-0.002404	22	91	127
linkedin/Burrow	a	AJ Bourg	1	0.002404	0	0.000000	-0.002404	22	91	127
linkedin/Burrow	a	aseev-xx	1	0.002404	0	0.000000	-0.002404	22	91	127
linkedin/Burrow	a	André	1	0.002404	0	0.000000	-0.002404	22	91	127
linkedin/Burrow	a	Asaf Levy	1	0.002404	0	0.000000	-0.002404	22	91	127
linkedin/Burrow	a	The Gitter Badger	1	0.002404	0	0.000000	-0.002404	22	91	127
linkedin/Burrow	a	Benjamin Jorand	1	0.002404	0	0.000000	-0.002404	22	91	127
linkedin/Burrow	a	Jorge Luis Betancourt	1	0.002404	0	0.000000	-0.002404	22	91	127
linkedin/Burrow	a	Chris Pinola	1	0.002404	0	0.000000	-0.002404	22	91	127
linkedin/Burrow	a	Chad Jefferies	1	0.002404	0	0.000000	-0.002404	22	91	127
linkedin/Burrow	a	Christian Kniep	1	0.002404	0	0.000000	-0.002404	22	91	127
linkedin/Burrow	a	Jordan Moore	1	0.002404	0	0.000000	-0.002404	22	91	127
linkedin/Burrow	a	daniel	1	0.002404	0	0.000000	-0.002404	22	91	127
linkedin/Burrow	a	Daniel Wojda	1	0.002404	0	0.000000	-0.002404	22	91	127
linkedin/Burrow	a	Daniel Fox	1	0.002404	0	0.000000	-0.002404	22	91	127
linkedin/Burrow	a	Dennis	1	0.002404	0	0.000000	-0.002404	22	91	127
linkedin/Burrow	a	Dionysis Grigoropoulos	1	0.002404	0	0.000000	-0.002404	22	91	127
linkedin/Burrow	a	kanga333	1	0.002404	0	0.000000	-0.002404	22	91	127
linkedin/Burrow	a	Nick Novitski	1	0.002404	0	0.000000	-0.002404	22	91	127
linkedin/Burrow	a	golint fixer	1	0.002404	0	0.000000	-0.002404	22	91	127
linkedin/Burrow	a	Ivan Angelov	1	0.002404	0	0.000000	-0.002404	22	91	127
linkedin/Burrow	a	James Bennett	1	0.002404	0	0.000000	-0.002404	22	91	127
linkedin/Burrow	a	Jim Plush	1	0.002404	0	0.000000	-0.002404	22	91	127
linkedin/Burrow	a	John Holland	1	0.002404	0	0.000000	-0.002404	22	91	127
linkedin/Burrow	a	Joshua Sorenson	1	0.002404	0	0.000000	-0.002404	22	91	127
linkedin/Burrow	a	Josselin Costanzi	1	0.002404	0	0.000000	-0.002404	22	91	127
linkedin/Burrow	a	justin-chen	1	0.002404	0	0.000000	-0.002404	22	91	127
linkedin/Burrow	a	Kobi Hikri	1	0.002404	0	0.000000	-0.002404	22	91	127
linkedin/Burrow	a	Karolis	1	0.002404	0	0.000000	-0.002404	22	91	127
linkedin/Burrow	a	Megan Patten	1	0.002404	0	0.000000	-0.002404	22	91	127
linkedin/Burrow	a	Manuel Rüger	1	0.002404	0	0.000000	-0.002404	22	91	127
linkedin/Burrow	a	Marcus King	1	0.002404	0	0.000000	-0.002404	22	91	127
linkedin/Burrow	a	Mario Weigel	1	0.002404	0	0.000000	-0.002404	22	91	127
linkedin/Burrow	a	Leon Zhang	1	0.002404	0	0.000000	-0.002404	22	91	127
linkedin/Burrow	a	Michael Wain	1	0.002404	0	0.000000	-0.002404	22	91	127
linkedin/Burrow	a	Moritz Nisblé	1	0.002404	0	0.000000	-0.002404	22	91	127
linkedin/Burrow	a	nan	1	0.002404	0	0.000000	-0.002404	22	91	127
linkedin/Burrow	a	Nathan Witmer	1	0.002404	0	0.000000	-0.002404	22	91	127
linkedin/Burrow	a	Paco Viramontes	1	0.002404	0	0.000000	-0.002404	22	91	127
linkedin/Burrow	a	Stefan	1	0.002404	0	0.000000	-0.002404	22	91	127
linkedin/Burrow	a	Ricky Taylor	1	0.002404	0	0.000000	-0.002404	22	91	127
linkedin/Burrow	a	Rogier Slag	1	0.002404	0	0.000000	-0.002404	22	91	127
linkedin/Burrow	a	Ratish Ravindran	1	0.002404	0	0.000000	-0.002404	22	91	127
linkedin/Burrow	a	Expert	1	0.002404	0	0.000000	-0.002404	22	91	127
linkedin/Burrow	a	Sebastien Lavoie	1	0.002404	0	0.000000	-0.002404	22	91	127
linkedin/Burrow	a	sergeykranga	1	0.002404	0	0.000000	-0.002404	22	91	127
linkedin/Burrow	a	Simon Thorley	1	0.002404	0	0.000000	-0.002404	22	91	127
linkedin/Burrow	a	Skunnyk	1	0.002404	0	0.000000	-0.002404	22	91	127
linkedin/Burrow	a	Shrijeet Paliwal	1	0.002404	0	0.000000	-0.002404	22	91	127
linkedin/Burrow	a	Thiago Dantas	1	0.002404	0	0.000000	-0.002404	22	91	127
linkedin/Burrow	a	Thibault Deutsch	1	0.002404	0	0.000000	-0.002404	22	91	127
linkedin/Burrow	a	Tobias Jungel	1	0.002404	0	0.000000	-0.002404	22	91	127
linkedin/Burrow	a	tnorden	1	0.002404	0	0.000000	-0.002404	22	91	127
linkedin/Burrow	a	Todd Palino	1	0.002404	0	0.000000	-0.002404	22	91	127
linkedin/Burrow	a	Vincent Rischmann	1	0.002404	0	0.000000	-0.002404	22	91	127
linkedin/Burrow	a	Lavaerius	1	0.002404	0	0.000000	-0.002404	22	91	127
linkedin/Burrow	a	BewareMyPower	1	0.002404	0	0.000000	-0.002404	22	91	127
linkedin/Burrow	a	Ryan Biesemeyer	1	0.002404	0	0.000000	-0.002404	22	91	127
linkedin/Burrow	a	matsu-chara	1	0.002404	0	0.000000	-0.002404	22	91	127
linkedin/Burrow	a	Dandan Zhang	1	0.002404	0	0.000000	-0.002404	22	91	127
linkedin/Burrow	b	Todd Palino	47	0.112981	2534	0.695008	0.582027	17	91	127
linkedin/Burrow	b	Vlad Gorodetsky	75	0.180288	275	0.075425	-0.104863	17	91	127
linkedin/Burrow	b	bai	17	0.040865	151	0.041415	0.000550	17	91	127
linkedin/Burrow	b	Tim Cuthbertson	9	0.021635	111	0.030444	0.008810	17	91	127
linkedin/Burrow	b	Sergei Klochkov	1	0.002404	100	0.027427	0.025023	17	91	127
linkedin/Burrow	b	Max Tuzzolino	1	0.002404	77	0.021119	0.018715	17	91	127
linkedin/Burrow	b	justin-chen	1	0.002404	53	0.014536	0.012133	17	91	127
linkedin/Burrow	b	BewareMyPower	1	0.002404	37	0.010148	0.007744	17	91	127
linkedin/Burrow	b	Moritz Nisblé	1	0.002404	30	0.008228	0.005824	17	91	127
linkedin/Burrow	b	Stefan	1	0.002404	27	0.007405	0.005002	17	91	127
linkedin/Burrow	b	Diego Alvarez	9	0.021635	26	0.007131	-0.014504	17	91	127
linkedin/Burrow	b	Jesse Yates	2	0.004808	24	0.006583	0.001775	17	91	127
linkedin/Burrow	b	Oleksandr Diamantopulo	3	0.007212	22	0.006034	-0.001178	17	91	127
linkedin/Burrow	b	Raymond	5	0.012019	18	0.004937	-0.007082	17	91	127
linkedin/Burrow	b	Shu Heng	3	0.007212	15	0.004114	-0.003097	17	91	127
linkedin/Burrow	b	Mikhail Chugunkov	3	0.007212	15	0.004114	-0.003097	17	91	127
linkedin/Burrow	b	Chris Pinola	1	0.002404	15	0.004114	0.001710	17	91	127
linkedin/Burrow	b	Jimmy Bonds	3	0.007212	13	0.003566	-0.003646	17	91	127
linkedin/Burrow	b	Todd Palino	48	0.115385	11	0.003017	-0.112368	17	91	127
linkedin/Burrow	b	Ricky Taylor	1	0.002404	11	0.003017	0.000613	17	91	127
linkedin/Burrow	b	dependabot[bot]	8	0.019231	10	0.002743	-0.016488	17	91	127
linkedin/Burrow	b	luva	2	0.004808	7	0.001920	-0.002888	17	91	127
linkedin/Burrow	b	Leon Zhang	1	0.002404	6	0.001646	-0.000758	17	91	127
linkedin/Burrow	b	meimeil	2	0.004808	5	0.001371	-0.003436	17	91	127
linkedin/Burrow	b	Tom Lee	1	0.002404	5	0.001371	-0.001032	17	91	127
linkedin/Burrow	b	Daniel Fox	1	0.002404	5	0.001371	-0.001032	17	91	127
linkedin/Burrow	b	Alvaro Olmedo	2	0.004808	4	0.001097	-0.003711	17	91	127
linkedin/Burrow	b	Mario Longobardi	2	0.004808	4	0.001097	-0.003711	17	91	127
linkedin/Burrow	b	Dominic Evans	1	0.002404	4	0.001097	-0.001307	17	91	127
linkedin/Burrow	b	Paco Viramontes	1	0.002404	4	0.001097	-0.001307	17	91	127
linkedin/Burrow	b	Jan te Beest	3	0.007212	3	0.000823	-0.006389	17	91	127
linkedin/Burrow	b	curtiseppel	2	0.004808	3	0.000823	-0.003985	17	91	127
linkedin/Burrow	b	Salman Muin Kayser Chishti	1	0.002404	3	0.000823	-0.001581	17	91	127
linkedin/Burrow	b	kanga333	1	0.002404	3	0.000823	-0.001581	17	91	127
linkedin/Burrow	b	jsvisa	14	0.033654	2	0.000549	-0.033105	17	91	127
linkedin/Burrow	b	Christian Gregg	2	0.004808	2	0.000549	-0.004259	17	91	127
linkedin/Burrow	b	Trevor North	2	0.004808	2	0.000549	-0.004259	17	91	127
linkedin/Burrow	b	Justin Nauman	1	0.002404	2	0.000549	-0.001855	17	91	127
linkedin/Burrow	b	Skunnyk	1	0.002404	2	0.000549	-0.001855	17	91	127
linkedin/Burrow	b	Thibault Deutsch	1	0.002404	2	0.000549	-0.001855	17	91	127
linkedin/Burrow	b	Lukas Vanhoucke	4	0.009615	1	0.000274	-0.009341	17	91	127
linkedin/Burrow	b	Joseph Glanville	1	0.002404	1	0.000274	-0.002130	17	91	127
linkedin/Burrow	b	Tomas Baltrunas	1	0.002404	1	0.000274	-0.002130	17	91	127
linkedin/Burrow	b	Clemens Valiente	9	0.021635	0	0.000000	-0.021635	17	91	127
linkedin/Burrow	b	Mark Riley	6	0.014423	0	0.000000	-0.014423	17	91	127
linkedin/Burrow	b	ms7s	5	0.012019	0	0.000000	-0.012019	17	91	127
linkedin/Burrow	b	Roger Hwang	4	0.009615	0	0.000000	-0.009615	17	91	127
linkedin/Burrow	b	Christoph Hösler	3	0.007212	0	0.000000	-0.007212	17	91	127
linkedin/Burrow	b	Lawrence	3	0.007212	0	0.000000	-0.007212	17	91	127
linkedin/Burrow	b	Radu Brumariu	3	0.007212	0	0.000000	-0.007212	17	91	127
linkedin/Burrow	b	Stéphane Cottin	3	0.007212	0	0.000000	-0.007212	17	91	127
linkedin/Burrow	b	Usiel Riedl	3	0.007212	0	0.000000	-0.007212	17	91	127
linkedin/Burrow	b	vas78	2	0.004808	0	0.000000	-0.004808	17	91	127
linkedin/Burrow	b	Hang Sun	2	0.004808	0	0.000000	-0.004808	17	91	127
linkedin/Burrow	b	Hortal, Javier	2	0.004808	0	0.000000	-0.004808	17	91	127
linkedin/Burrow	b	Shuai Lin	2	0.004808	0	0.000000	-0.004808	17	91	127
linkedin/Burrow	b	matsu-chara	2	0.004808	0	0.000000	-0.004808	17	91	127
linkedin/Burrow	b	Mark Drago	2	0.004808	0	0.000000	-0.004808	17	91	127
linkedin/Burrow	b	Mark Penny	2	0.004808	0	0.000000	-0.004808	17	91	127
linkedin/Burrow	b	David Pippenger	2	0.004808	0	0.000000	-0.004808	17	91	127
linkedin/Burrow	b	Radovenchyk	2	0.004808	0	0.000000	-0.004808	17	91	127
linkedin/Burrow	b	Sahil Thapar	2	0.004808	0	0.000000	-0.004808	17	91	127
linkedin/Burrow	b	JW Song	2	0.004808	0	0.000000	-0.004808	17	91	127
linkedin/Burrow	b	Tom Noonan II	2	0.004808	0	0.000000	-0.004808	17	91	127
linkedin/Burrow	b	Christophe Marchal	2	0.004808	0	0.000000	-0.004808	17	91	127
linkedin/Burrow	b	vvuibert	2	0.004808	0	0.000000	-0.004808	17	91	127
linkedin/Burrow	b	Christos Trochalakis	2	0.004808	0	0.000000	-0.004808	17	91	127
linkedin/Burrow	b	hunshenshi	1	0.002404	0	0.000000	-0.002404	17	91	127
linkedin/Burrow	b	Adam Shannon	1	0.002404	0	0.000000	-0.002404	17	91	127
linkedin/Burrow	b	Alessandro D. Gagliardi	1	0.002404	0	0.000000	-0.002404	17	91	127
linkedin/Burrow	b	AJ Bourg	1	0.002404	0	0.000000	-0.002404	17	91	127
linkedin/Burrow	b	aseev-xx	1	0.002404	0	0.000000	-0.002404	17	91	127
linkedin/Burrow	b	André	1	0.002404	0	0.000000	-0.002404	17	91	127
linkedin/Burrow	b	Asaf Levy	1	0.002404	0	0.000000	-0.002404	17	91	127
linkedin/Burrow	b	The Gitter Badger	1	0.002404	0	0.000000	-0.002404	17	91	127
linkedin/Burrow	b	Benjamin Jorand	1	0.002404	0	0.000000	-0.002404	17	91	127
linkedin/Burrow	b	Jorge Luis Betancourt	1	0.002404	0	0.000000	-0.002404	17	91	127
linkedin/Burrow	b	Christopher Beard	1	0.002404	0	0.000000	-0.002404	17	91	127
linkedin/Burrow	b	Mpampis Kostas	1	0.002404	0	0.000000	-0.002404	17	91	127
linkedin/Burrow	b	Chad Jefferies	1	0.002404	0	0.000000	-0.002404	17	91	127
linkedin/Burrow	b	Christian Kniep	1	0.002404	0	0.000000	-0.002404	17	91	127
linkedin/Burrow	b	Jordan Moore	1	0.002404	0	0.000000	-0.002404	17	91	127
linkedin/Burrow	b	daniel	1	0.002404	0	0.000000	-0.002404	17	91	127
linkedin/Burrow	b	Daniel Wojda	1	0.002404	0	0.000000	-0.002404	17	91	127
linkedin/Burrow	b	Dennis	1	0.002404	0	0.000000	-0.002404	17	91	127
linkedin/Burrow	b	Dionysis Grigoropoulos	1	0.002404	0	0.000000	-0.002404	17	91	127
linkedin/Burrow	b	Elad Leev	1	0.002404	0	0.000000	-0.002404	17	91	127
linkedin/Burrow	b	Nick Novitski	1	0.002404	0	0.000000	-0.002404	17	91	127
linkedin/Burrow	b	golint fixer	1	0.002404	0	0.000000	-0.002404	17	91	127
linkedin/Burrow	b	HIMANSHU SHARMA	1	0.002404	0	0.000000	-0.002404	17	91	127
linkedin/Burrow	b	Eric Long	1	0.002404	0	0.000000	-0.002404	17	91	127
linkedin/Burrow	b	Ivan Angelov	1	0.002404	0	0.000000	-0.002404	17	91	127
linkedin/Burrow	b	James Bennett	1	0.002404	0	0.000000	-0.002404	17	91	127
linkedin/Burrow	b	jgmchan	1	0.002404	0	0.000000	-0.002404	17	91	127
linkedin/Burrow	b	Jim Plush	1	0.002404	0	0.000000	-0.002404	17	91	127
linkedin/Burrow	b	John Holland	1	0.002404	0	0.000000	-0.002404	17	91	127
linkedin/Burrow	b	Joshua Sorenson	1	0.002404	0	0.000000	-0.002404	17	91	127
linkedin/Burrow	b	Josselin Costanzi	1	0.002404	0	0.000000	-0.002404	17	91	127
linkedin/Burrow	b	klDen	1	0.002404	0	0.000000	-0.002404	17	91	127
linkedin/Burrow	b	Kobi Hikri	1	0.002404	0	0.000000	-0.002404	17	91	127
linkedin/Burrow	b	Karolis	1	0.002404	0	0.000000	-0.002404	17	91	127
linkedin/Burrow	b	Megan Patten	1	0.002404	0	0.000000	-0.002404	17	91	127
linkedin/Burrow	b	Manuel Rüger	1	0.002404	0	0.000000	-0.002404	17	91	127
linkedin/Burrow	b	Marcus King	1	0.002404	0	0.000000	-0.002404	17	91	127
linkedin/Burrow	b	Mario Weigel	1	0.002404	0	0.000000	-0.002404	17	91	127
linkedin/Burrow	b	Michael Wain	1	0.002404	0	0.000000	-0.002404	17	91	127
linkedin/Burrow	b	nan	1	0.002404	0	0.000000	-0.002404	17	91	127
linkedin/Burrow	b	Nathan Witmer	1	0.002404	0	0.000000	-0.002404	17	91	127
linkedin/Burrow	b	Nils Larsgård	1	0.002404	0	0.000000	-0.002404	17	91	127
linkedin/Burrow	b	Rogier Slag	1	0.002404	0	0.000000	-0.002404	17	91	127
linkedin/Burrow	b	Roni Lichtman	1	0.002404	0	0.000000	-0.002404	17	91	127
linkedin/Burrow	b	Ratish Ravindran	1	0.002404	0	0.000000	-0.002404	17	91	127
linkedin/Burrow	b	Expert	1	0.002404	0	0.000000	-0.002404	17	91	127
linkedin/Burrow	b	Sebastien Lavoie	1	0.002404	0	0.000000	-0.002404	17	91	127
linkedin/Burrow	b	sergeykranga	1	0.002404	0	0.000000	-0.002404	17	91	127
linkedin/Burrow	b	Simon Thorley	1	0.002404	0	0.000000	-0.002404	17	91	127
linkedin/Burrow	b	Shrijeet Paliwal	1	0.002404	0	0.000000	-0.002404	17	91	127
linkedin/Burrow	b	Thiago Dantas	1	0.002404	0	0.000000	-0.002404	17	91	127
linkedin/Burrow	b	Tobias Jungel	1	0.002404	0	0.000000	-0.002404	17	91	127
linkedin/Burrow	b	tnorden	1	0.002404	0	0.000000	-0.002404	17	91	127
linkedin/Burrow	b	Todd Palino	1	0.002404	0	0.000000	-0.002404	17	91	127
linkedin/Burrow	b	Vincent Rischmann	1	0.002404	0	0.000000	-0.002404	17	91	127
linkedin/Burrow	b	Lavaerius	1	0.002404	0	0.000000	-0.002404	17	91	127
linkedin/Burrow	b	Ryan Biesemeyer	1	0.002404	0	0.000000	-0.002404	17	91	127
linkedin/Burrow	b	ygsa	1	0.002404	0	0.000000	-0.002404	17	91	127
linkedin/Burrow	b	matsu-chara	1	0.002404	0	0.000000	-0.002404	17	91	127
linkedin/Burrow	b	Dandan Zhang	1	0.002404	0	0.000000	-0.002404	17	91	127
linkedin/Burrow	c	Todd Palino	47	0.112981	3820	0.692280	0.579299	23	91	127
linkedin/Burrow	c	Michael Wain	1	0.002404	354	0.064154	0.061750	23	91	127
linkedin/Burrow	c	Vlad Gorodetsky	75	0.180288	224	0.040594	-0.139694	23	91	127
linkedin/Burrow	c	Sergei Klochkov	1	0.002404	221	0.040051	0.037647	23	91	127
linkedin/Burrow	c	Tim Cuthbertson	9	0.021635	166	0.030083	0.008449	23	91	127
linkedin/Burrow	c	Max Tuzzolino	1	0.002404	125	0.022653	0.020249	23	91	127
linkedin/Burrow	c	bai	17	0.040865	111	0.020116	-0.020749	23	91	127
linkedin/Burrow	c	justin-chen	1	0.002404	66	0.011961	0.009557	23	91	127
linkedin/Burrow	c	Roger Hwang	4	0.009615	45	0.008155	-0.001460	23	91	127
linkedin/Burrow	c	Jimmy Bonds	3	0.007212	37	0.006705	-0.000506	23	91	127
linkedin/Burrow	c	Chris Pinola	1	0.002404	35	0.006343	0.003939	23	91	127
linkedin/Burrow	c	Lawrence	3	0.007212	31	0.005618	-0.001594	23	91	127
linkedin/Burrow	c	Jesse Yates	2	0.004808	28	0.005074	0.000267	23	91	127
linkedin/Burrow	c	Diego Alvarez	9	0.021635	26	0.004712	-0.016923	23	91	127
linkedin/Burrow	c	curtiseppel	2	0.004808	24	0.004349	-0.000458	23	91	127
linkedin/Burrow	c	Clemens Valiente	9	0.021635	21	0.003806	-0.017829	23	91	127
linkedin/Burrow	c	Stéphane Cottin	3	0.007212	17	0.003081	-0.004131	23	91	127
linkedin/Burrow	c	Shrijeet Paliwal	1	0.002404	16	0.002900	0.000496	23	91	127
linkedin/Burrow	c	Lavaerius	1	0.002404	15	0.002718	0.000315	23	91	127
linkedin/Burrow	c	Christoph Hösler	3	0.007212	13	0.002356	-0.004856	23	91	127
linkedin/Burrow	c	Mario Longobardi	2	0.004808	13	0.002356	-0.002452	23	91	127
linkedin/Burrow	c	Elad Leev	1	0.002404	13	0.002356	-0.000048	23	91	127
linkedin/Burrow	c	Mikhail Chugunkov	3	0.007212	11	0.001993	-0.005218	23	91	127
linkedin/Burrow	c	Joseph Glanville	1	0.002404	10	0.001812	-0.000592	23	91	127
linkedin/Burrow	c	Usiel Riedl	3	0.007212	9	0.001631	-0.005581	23	91	127
linkedin/Burrow	c	Radu Brumariu	3	0.007212	8	0.001450	-0.005762	23	91	127
linkedin/Burrow	c	luva	2	0.004808	7	0.001269	-0.003539	23	91	127
linkedin/Burrow	c	Hortal, Javier	2	0.004808	6	0.001087	-0.003720	23	91	127
linkedin/Burrow	c	Jorge Luis Betancourt	1	0.002404	5	0.000906	-0.001498	23	91	127
linkedin/Burrow	c	James Bennett	1	0.002404	5	0.000906	-0.001498	23	91	127
linkedin/Burrow	c	Nathan Witmer	1	0.002404	5	0.000906	-0.001498	23	91	127
linkedin/Burrow	c	Todd Palino	48	0.115385	4	0.000725	-0.114660	23	91	127
linkedin/Burrow	c	JW Song	2	0.004808	3	0.000544	-0.004264	23	91	127
linkedin/Burrow	c	Salman Muin Kayser Chishti	1	0.002404	3	0.000544	-0.001860	23	91	127
linkedin/Burrow	c	kanga333	1	0.002404	3	0.000544	-0.001860	23	91	127
linkedin/Burrow	c	Expert	1	0.002404	3	0.000544	-0.001860	23	91	127
linkedin/Burrow	c	Trevor North	2	0.004808	2	0.000362	-0.004445	23	91	127
linkedin/Burrow	c	Tom Lee	1	0.002404	2	0.000362	-0.002041	23	91	127
linkedin/Burrow	c	Dominic Evans	1	0.002404	2	0.000362	-0.002041	23	91	127
linkedin/Burrow	c	klDen	1	0.002404	2	0.000362	-0.002041	23	91	127
linkedin/Burrow	c	Vincent Rischmann	1	0.002404	2	0.000362	-0.002041	23	91	127
linkedin/Burrow	c	Lukas Vanhoucke	4	0.009615	1	0.000181	-0.009434	23	91	127
linkedin/Burrow	c	Chad Jefferies	1	0.002404	1	0.000181	-0.002223	23	91	127
linkedin/Burrow	c	Nils Larsgård	1	0.002404	1	0.000181	-0.002223	23	91	127
linkedin/Burrow	c	Tomas Baltrunas	1	0.002404	1	0.000181	-0.002223	23	91	127
linkedin/Burrow	c	BewareMyPower	1	0.002404	1	0.000181	-0.002223	23	91	127
linkedin/Burrow	c	Delweng Zheng	14	0.033654	0	0.000000	-0.033654	23	91	127
linkedin/Burrow	c	dependabot[bot]	8	0.019231	0	0.000000	-0.019231	23	91	127
linkedin/Burrow	c	Mark Riley	6	0.014423	0	0.000000	-0.014423	23	91	127
linkedin/Burrow	c	ms7s	5	0.012019	0	0.000000	-0.012019	23	91	127
linkedin/Burrow	c	Raymond	5	0.012019	0	0.000000	-0.012019	23	91	127
linkedin/Burrow	c	Oleksandr Diamantopulo	3	0.007212	0	0.000000	-0.007212	23	91	127
linkedin/Burrow	c	Jan te Beest	3	0.007212	0	0.000000	-0.007212	23	91	127
linkedin/Burrow	c	Shu Heng	3	0.007212	0	0.000000	-0.007212	23	91	127
linkedin/Burrow	c	vas78	2	0.004808	0	0.000000	-0.004808	23	91	127
linkedin/Burrow	c	Alvaro Olmedo	2	0.004808	0	0.000000	-0.004808	23	91	127
linkedin/Burrow	c	Christian Gregg	2	0.004808	0	0.000000	-0.004808	23	91	127
linkedin/Burrow	c	Hang Sun	2	0.004808	0	0.000000	-0.004808	23	91	127
linkedin/Burrow	c	Shuai Lin	2	0.004808	0	0.000000	-0.004808	23	91	127
linkedin/Burrow	c	matsu-chara	2	0.004808	0	0.000000	-0.004808	23	91	127
linkedin/Burrow	c	Mark Drago	2	0.004808	0	0.000000	-0.004808	23	91	127
linkedin/Burrow	c	meimeil	2	0.004808	0	0.000000	-0.004808	23	91	127
linkedin/Burrow	c	Mark Penny	2	0.004808	0	0.000000	-0.004808	23	91	127
linkedin/Burrow	c	David Pippenger	2	0.004808	0	0.000000	-0.004808	23	91	127
linkedin/Burrow	c	Radovenchyk	2	0.004808	0	0.000000	-0.004808	23	91	127
linkedin/Burrow	c	Sahil Thapar	2	0.004808	0	0.000000	-0.004808	23	91	127
linkedin/Burrow	c	Tom Noonan II	2	0.004808	0	0.000000	-0.004808	23	91	127
linkedin/Burrow	c	Christophe Marchal	2	0.004808	0	0.000000	-0.004808	23	91	127
linkedin/Burrow	c	vvuibert	2	0.004808	0	0.000000	-0.004808	23	91	127
linkedin/Burrow	c	Christos Trochalakis	2	0.004808	0	0.000000	-0.004808	23	91	127
linkedin/Burrow	c	hunshenshi	1	0.002404	0	0.000000	-0.002404	23	91	127
linkedin/Burrow	c	Adam Shannon	1	0.002404	0	0.000000	-0.002404	23	91	127
linkedin/Burrow	c	Alessandro D. Gagliardi	1	0.002404	0	0.000000	-0.002404	23	91	127
linkedin/Burrow	c	AJ Bourg	1	0.002404	0	0.000000	-0.002404	23	91	127
linkedin/Burrow	c	aseev-xx	1	0.002404	0	0.000000	-0.002404	23	91	127
linkedin/Burrow	c	André	1	0.002404	0	0.000000	-0.002404	23	91	127
linkedin/Burrow	c	Asaf Levy	1	0.002404	0	0.000000	-0.002404	23	91	127
linkedin/Burrow	c	The Gitter Badger	1	0.002404	0	0.000000	-0.002404	23	91	127
linkedin/Burrow	c	Benjamin Jorand	1	0.002404	0	0.000000	-0.002404	23	91	127
linkedin/Burrow	c	Christopher Beard	1	0.002404	0	0.000000	-0.002404	23	91	127
linkedin/Burrow	c	Mpampis Kostas	1	0.002404	0	0.000000	-0.002404	23	91	127
linkedin/Burrow	c	Christian Kniep	1	0.002404	0	0.000000	-0.002404	23	91	127
linkedin/Burrow	c	Jordan Moore	1	0.002404	0	0.000000	-0.002404	23	91	127
linkedin/Burrow	c	daniel	1	0.002404	0	0.000000	-0.002404	23	91	127
linkedin/Burrow	c	Daniel Wojda	1	0.002404	0	0.000000	-0.002404	23	91	127
linkedin/Burrow	c	Daniel Fox	1	0.002404	0	0.000000	-0.002404	23	91	127
linkedin/Burrow	c	Dennis	1	0.002404	0	0.000000	-0.002404	23	91	127
linkedin/Burrow	c	Dionysis Grigoropoulos	1	0.002404	0	0.000000	-0.002404	23	91	127
linkedin/Burrow	c	Nick Novitski	1	0.002404	0	0.000000	-0.002404	23	91	127
linkedin/Burrow	c	golint fixer	1	0.002404	0	0.000000	-0.002404	23	91	127
linkedin/Burrow	c	HIMANSHU SHARMA	1	0.002404	0	0.000000	-0.002404	23	91	127
linkedin/Burrow	c	Eric Long	1	0.002404	0	0.000000	-0.002404	23	91	127
linkedin/Burrow	c	Ivan Angelov	1	0.002404	0	0.000000	-0.002404	23	91	127
linkedin/Burrow	c	jgmchan	1	0.002404	0	0.000000	-0.002404	23	91	127
linkedin/Burrow	c	Jim Plush	1	0.002404	0	0.000000	-0.002404	23	91	127
linkedin/Burrow	c	John Holland	1	0.002404	0	0.000000	-0.002404	23	91	127
linkedin/Burrow	c	Joshua Sorenson	1	0.002404	0	0.000000	-0.002404	23	91	127
linkedin/Burrow	c	Josselin Costanzi	1	0.002404	0	0.000000	-0.002404	23	91	127
linkedin/Burrow	c	Justin Nauman	1	0.002404	0	0.000000	-0.002404	23	91	127
linkedin/Burrow	c	Kobi Hikri	1	0.002404	0	0.000000	-0.002404	23	91	127
linkedin/Burrow	c	Karolis	1	0.002404	0	0.000000	-0.002404	23	91	127
linkedin/Burrow	c	Megan Patten	1	0.002404	0	0.000000	-0.002404	23	91	127
linkedin/Burrow	c	Manuel Rüger	1	0.002404	0	0.000000	-0.002404	23	91	127
linkedin/Burrow	c	Marcus King	1	0.002404	0	0.000000	-0.002404	23	91	127
linkedin/Burrow	c	Mario Weigel	1	0.002404	0	0.000000	-0.002404	23	91	127
linkedin/Burrow	c	Leon Zhang	1	0.002404	0	0.000000	-0.002404	23	91	127
linkedin/Burrow	c	Moritz Nisblé	1	0.002404	0	0.000000	-0.002404	23	91	127
linkedin/Burrow	c	nan	1	0.002404	0	0.000000	-0.002404	23	91	127
linkedin/Burrow	c	Paco Viramontes	1	0.002404	0	0.000000	-0.002404	23	91	127
linkedin/Burrow	c	Stefan	1	0.002404	0	0.000000	-0.002404	23	91	127
linkedin/Burrow	c	Ricky Taylor	1	0.002404	0	0.000000	-0.002404	23	91	127
linkedin/Burrow	c	Rogier Slag	1	0.002404	0	0.000000	-0.002404	23	91	127
linkedin/Burrow	c	Roni Lichtman	1	0.002404	0	0.000000	-0.002404	23	91	127
linkedin/Burrow	c	Ratish Ravindran	1	0.002404	0	0.000000	-0.002404	23	91	127
linkedin/Burrow	c	Sebastien Lavoie	1	0.002404	0	0.000000	-0.002404	23	91	127
linkedin/Burrow	c	sergeykranga	1	0.002404	0	0.000000	-0.002404	23	91	127
linkedin/Burrow	c	Simon Thorley	1	0.002404	0	0.000000	-0.002404	23	91	127
linkedin/Burrow	c	Skunnyk	1	0.002404	0	0.000000	-0.002404	23	91	127
linkedin/Burrow	c	Thiago Dantas	1	0.002404	0	0.000000	-0.002404	23	91	127
linkedin/Burrow	c	Thibault Deutsch	1	0.002404	0	0.000000	-0.002404	23	91	127
linkedin/Burrow	c	Tobias Jungel	1	0.002404	0	0.000000	-0.002404	23	91	127
linkedin/Burrow	c	tnorden	1	0.002404	0	0.000000	-0.002404	23	91	127
linkedin/Burrow	c	Todd Palino	1	0.002404	0	0.000000	-0.002404	23	91	127
linkedin/Burrow	c	Ryan Biesemeyer	1	0.002404	0	0.000000	-0.002404	23	91	127
linkedin/Burrow	c	ygsa	1	0.002404	0	0.000000	-0.002404	23	91	127
linkedin/Burrow	c	matsu-chara	1	0.002404	0	0.000000	-0.002404	23	91	127
linkedin/Burrow	c	Dandan Zhang	1	0.002404	0	0.000000	-0.002404	23	91	127
kkdai/youtube	a	Julian Kornberger	145	0.343602	736	0.513608	0.170006	11	56	69
kkdai/youtube	a	Davincible	4	0.009479	227	0.158409	0.148930	11	56	69
kkdai/youtube	a	Camelva	10	0.023697	82	0.057223	0.033526	11	56	69
kkdai/youtube	a	Julian Chu	77	0.182464	68	0.047453	-0.135012	11	56	69
kkdai/youtube	a	elProxy	8	0.018957	48	0.033496	0.014539	11	56	69
kkdai/youtube	a	shoce	2	0.004739	46	0.032100	0.027361	11	56	69
kkdai/youtube	a	robotomize	5	0.011848	32	0.022331	0.010482	11	56	69
kkdai/youtube	a	Julien Desgats	1	0.002370	30	0.020935	0.018565	11	56	69
kkdai/youtube	a	Clairton Santos	2	0.004739	27	0.018842	0.014102	11	56	69
kkdai/youtube	a	Evan Lin	38	0.090047	23	0.016050	-0.073997	11	56	69
kkdai/youtube	a	Minh-Quan TRAN	13	0.030806	22	0.015352	-0.015453	11	56	69
kkdai/youtube	a	Steven Penny	4	0.009479	19	0.013259	0.003780	11	56	69
kkdai/youtube	a	ShadiestGoat	1	0.002370	17	0.011863	0.009494	11	56	69
kkdai/youtube	a	Rizky Puji Raharja	1	0.002370	10	0.006978	0.004609	11	56	69
kkdai/youtube	a	RuizLenato	1	0.002370	7	0.004885	0.002515	11	56	69
kkdai/youtube	a	hochg	1	0.002370	7	0.004885	0.002515	11	56	69
kkdai/youtube	a	Tyler	2	0.004739	6	0.004187	-0.000552	11	56	69
kkdai/youtube	a	misssparrow	2	0.004739	5	0.003489	-0.001250	11	56	69
kkdai/youtube	a	John	3	0.007109	4	0.002791	-0.004318	11	56	69
kkdai/youtube	a	vengador20	1	0.002370	4	0.002791	0.000422	11	56	69
kkdai/youtube	a	Alex Belanger	3	0.007109	2	0.001396	-0.005713	11	56	69
kkdai/youtube	a	MelonHiker	2	0.004739	2	0.001396	-0.003344	11	56	69
kkdai/youtube	a	Philipp Zimmermann	1	0.002370	2	0.001396	-0.000974	11	56	69
kkdai/youtube	a	JIN Weijie	1	0.002370	2	0.001396	-0.000974	11	56	69
kkdai/youtube	a	clouding	2	0.004739	1	0.000698	-0.004041	11	56	69
kkdai/youtube	a	Steven Penny	1	0.002370	1	0.000698	-0.001672	11	56	69
kkdai/youtube	a	benjamesfleming	1	0.002370	1	0.000698	-0.001672	11	56	69
kkdai/youtube	a	Simo Aleksandrov	1	0.002370	1	0.000698	-0.001672	11	56	69
kkdai/youtube	a	Stefan Ric	1	0.002370	1	0.000698	-0.001672	11	56	69
kkdai/youtube	a	Kakashi Liu	18	0.042654	0	0.000000	-0.042654	11	56	69
kkdai/youtube	a	kamilkabir9	7	0.016588	0	0.000000	-0.016588	11	56	69
kkdai/youtube	a	nksapphire	6	0.014218	0	0.000000	-0.014218	11	56	69
kkdai/youtube	a	Julian-Chu	6	0.014218	0	0.000000	-0.014218	11	56	69
kkdai/youtube	a	Askar	4	0.009479	0	0.000000	-0.009479	11	56	69
kkdai/youtube	a	Juan Llamas	3	0.007109	0	0.000000	-0.007109	11	56	69
kkdai/youtube	a	ByteFlow	3	0.007109	0	0.000000	-0.007109	11	56	69
kkdai/youtube	a	Andrea Manzini	3	0.007109	0	0.000000	-0.007109	11	56	69
kkdai/youtube	a	Bo-Yi Wu	2	0.004739	0	0.000000	-0.004739	11	56	69
kkdai/youtube	a	Satont	2	0.004739	0	0.000000	-0.004739	11	56	69
kkdai/youtube	a	Steven Penny	2	0.004739	0	0.000000	-0.004739	11	56	69
kkdai/youtube	a	TC pushbot 5	2	0.004739	0	0.000000	-0.004739	11	56	69
kkdai/youtube	a	Wakeful-Cloud	2	0.004739	0	0.000000	-0.004739	11	56	69
kkdai/youtube	a	786212	2	0.004739	0	0.000000	-0.004739	11	56	69
kkdai/youtube	a	Srxr	1	0.002370	0	0.000000	-0.002370	11	56	69
kkdai/youtube	a	Eyalm321	1	0.002370	0	0.000000	-0.002370	11	56	69
kkdai/youtube	a	Shinku	1	0.002370	0	0.000000	-0.002370	11	56	69
kkdai/youtube	a	Fredrik	1	0.002370	0	0.000000	-0.002370	11	56	69
kkdai/youtube	a	trofen	1	0.002370	0	0.000000	-0.002370	11	56	69
kkdai/youtube	a	Pranjal Alone	1	0.002370	0	0.000000	-0.002370	11	56	69
kkdai/youtube	a	mikasa	1	0.002370	0	0.000000	-0.002370	11	56	69
kkdai/youtube	a	kasselTrankos	1	0.002370	0	0.000000	-0.002370	11	56	69
kkdai/youtube	a	Andres Villagra	1	0.002370	0	0.000000	-0.002370	11	56	69
kkdai/youtube	a	cheb	1	0.002370	0	0.000000	-0.002370	11	56	69
kkdai/youtube	a	chenghan	1	0.002370	0	0.000000	-0.002370	11	56	69
kkdai/youtube	a	Clairton Santos	1	0.002370	0	0.000000	-0.002370	11	56	69
kkdai/youtube	a	Guoqiang Wang	1	0.002370	0	0.000000	-0.002370	11	56	69
kkdai/youtube	a	Mikhail Samin	1	0.002370	0	0.000000	-0.002370	11	56	69
kkdai/youtube	a	RUSshy	1	0.002370	0	0.000000	-0.002370	11	56	69
kkdai/youtube	a	Ogguz	1	0.002370	0	0.000000	-0.002370	11	56	69
kkdai/youtube	a	Krishna Kanhaiya	1	0.002370	0	0.000000	-0.002370	11	56	69
kkdai/youtube	a	Mohammad Parvin	1	0.002370	0	0.000000	-0.002370	11	56	69
kkdai/youtube	a	Michael Misch	1	0.002370	0	0.000000	-0.002370	11	56	69
kkdai/youtube	a	NMisko	1	0.002370	0	0.000000	-0.002370	11	56	69
kkdai/youtube	a	robrotheram	1	0.002370	0	0.000000	-0.002370	11	56	69
kkdai/youtube	a	Sandro	1	0.002370	0	0.000000	-0.002370	11	56	69
kkdai/youtube	a	Talha Altınel	1	0.002370	0	0.000000	-0.002370	11	56	69
kkdai/youtube	a	Toby Chui	1	0.002370	0	0.000000	-0.002370	11	56	69
kkdai/youtube	a	user	1	0.002370	0	0.000000	-0.002370	11	56	69
kkdai/youtube	a	Mate Valko	1	0.002370	0	0.000000	-0.002370	11	56	69
kkdai/youtube	b	Julian Kornberger	145	0.343602	325	0.491679	0.148077	9	56	69
kkdai/youtube	b	Pierre Rossi	8	0.018957	140	0.211800	0.192843	9	56	69
kkdai/youtube	b	Clairton Santos	2	0.004739	71	0.107413	0.102674	9	56	69
kkdai/youtube	b	Davincible	4	0.009479	68	0.102874	0.093396	9	56	69
kkdai/youtube	b	robotomize	5	0.011848	27	0.040847	0.028999	9	56	69
kkdai/youtube	b	ByteFlow	3	0.007109	7	0.010590	0.003481	9	56	69
kkdai/youtube	b	Minh-Quan TRAN	13	0.030806	6	0.009077	-0.021729	9	56	69
kkdai/youtube	b	Clairton Santos	1	0.002370	6	0.009077	0.006707	9	56	69
kkdai/youtube	b	Kakashi Liu	18	0.042654	4	0.006051	-0.036603	9	56	69
kkdai/youtube	b	Eyalm321	1	0.002370	4	0.006051	0.003682	9	56	69
kkdai/youtube	b	shoce	2	0.004739	1	0.001513	-0.003226	9	56	69
kkdai/youtube	b	Ogguz	1	0.002370	1	0.001513	-0.000857	9	56	69
kkdai/youtube	b	Michael Misch	1	0.002370	1	0.001513	-0.000857	9	56	69
kkdai/youtube	b	Yu-Lang Chu	77	0.182464	0	0.000000	-0.182464	9	56	69
kkdai/youtube	b	Evan	38	0.090047	0	0.000000	-0.090047	9	56	69
kkdai/youtube	b	Camelva	10	0.023697	0	0.000000	-0.023697	9	56	69
kkdai/youtube	b	kamilkabir9	7	0.016588	0	0.000000	-0.016588	9	56	69
kkdai/youtube	b	nksapphire	6	0.014218	0	0.000000	-0.014218	9	56	69
kkdai/youtube	b	Julian-Chu	6	0.014218	0	0.000000	-0.014218	9	56	69
kkdai/youtube	b	Steven Penny	4	0.009479	0	0.000000	-0.009479	9	56	69
kkdai/youtube	b	Askar	4	0.009479	0	0.000000	-0.009479	9	56	69
kkdai/youtube	b	Juan Llamas	3	0.007109	0	0.000000	-0.007109	9	56	69
kkdai/youtube	b	Andrea Manzini	3	0.007109	0	0.000000	-0.007109	9	56	69
kkdai/youtube	b	John	3	0.007109	0	0.000000	-0.007109	9	56	69
kkdai/youtube	b	Alex Belanger	3	0.007109	0	0.000000	-0.007109	9	56	69
kkdai/youtube	b	misssparrow	2	0.004739	0	0.000000	-0.004739	9	56	69
kkdai/youtube	b	Bo-Yi Wu	2	0.004739	0	0.000000	-0.004739	9	56	69
kkdai/youtube	b	clouding	2	0.004739	0	0.000000	-0.004739	9	56	69
kkdai/youtube	b	MelonHiker	2	0.004739	0	0.000000	-0.004739	9	56	69
kkdai/youtube	b	Satont	2	0.004739	0	0.000000	-0.004739	9	56	69
kkdai/youtube	b	Steven Penny	2	0.004739	0	0.000000	-0.004739	9	56	69
kkdai/youtube	b	TC pushbot 5	2	0.004739	0	0.000000	-0.004739	9	56	69
kkdai/youtube	b	Tyler	2	0.004739	0	0.000000	-0.004739	9	56	69
kkdai/youtube	b	Wakeful-Cloud	2	0.004739	0	0.000000	-0.004739	9	56	69
kkdai/youtube	b	786212	2	0.004739	0	0.000000	-0.004739	9	56	69
kkdai/youtube	b	Steven Penny	1	0.002370	0	0.000000	-0.002370	9	56	69
kkdai/youtube	b	Srxr	1	0.002370	0	0.000000	-0.002370	9	56	69
kkdai/youtube	b	Shinku	1	0.002370	0	0.000000	-0.002370	9	56	69
kkdai/youtube	b	Fredrik	1	0.002370	0	0.000000	-0.002370	9	56	69
kkdai/youtube	b	trofen	1	0.002370	0	0.000000	-0.002370	9	56	69
kkdai/youtube	b	ShadiestGoat	1	0.002370	0	0.000000	-0.002370	9	56	69
kkdai/youtube	b	Pranjal Alone	1	0.002370	0	0.000000	-0.002370	9	56	69
kkdai/youtube	b	mikasa	1	0.002370	0	0.000000	-0.002370	9	56	69
kkdai/youtube	b	Philipp Zimmermann	1	0.002370	0	0.000000	-0.002370	9	56	69
kkdai/youtube	b	kasselTrankos	1	0.002370	0	0.000000	-0.002370	9	56	69
kkdai/youtube	b	Andres Villagra	1	0.002370	0	0.000000	-0.002370	9	56	69
kkdai/youtube	b	benjamesfleming	1	0.002370	0	0.000000	-0.002370	9	56	69
kkdai/youtube	b	cheb	1	0.002370	0	0.000000	-0.002370	9	56	69
kkdai/youtube	b	chenghan	1	0.002370	0	0.000000	-0.002370	9	56	69
kkdai/youtube	b	vengador20	1	0.002370	0	0.000000	-0.002370	9	56	69
kkdai/youtube	b	Guoqiang Wang	1	0.002370	0	0.000000	-0.002370	9	56	69
kkdai/youtube	b	Mikhail Samin	1	0.002370	0	0.000000	-0.002370	9	56	69
kkdai/youtube	b	RUSshy	1	0.002370	0	0.000000	-0.002370	9	56	69
kkdai/youtube	b	JIN Weijie	1	0.002370	0	0.000000	-0.002370	9	56	69
kkdai/youtube	b	Julien Desgats	1	0.002370	0	0.000000	-0.002370	9	56	69
kkdai/youtube	b	Krishna Kanhaiya	1	0.002370	0	0.000000	-0.002370	9	56	69
kkdai/youtube	b	Mohammad Parvin	1	0.002370	0	0.000000	-0.002370	9	56	69
kkdai/youtube	b	NMisko	1	0.002370	0	0.000000	-0.002370	9	56	69
kkdai/youtube	b	Rizky Puji Raharja	1	0.002370	0	0.000000	-0.002370	9	56	69
kkdai/youtube	b	robrotheram	1	0.002370	0	0.000000	-0.002370	9	56	69
kkdai/youtube	b	RuizLenato	1	0.002370	0	0.000000	-0.002370	9	56	69
kkdai/youtube	b	Sandro	1	0.002370	0	0.000000	-0.002370	9	56	69
kkdai/youtube	b	Simo Aleksandrov	1	0.002370	0	0.000000	-0.002370	9	56	69
kkdai/youtube	b	Stefan Ric	1	0.002370	0	0.000000	-0.002370	9	56	69
kkdai/youtube	b	Talha Altınel	1	0.002370	0	0.000000	-0.002370	9	56	69
kkdai/youtube	b	Toby Chui	1	0.002370	0	0.000000	-0.002370	9	56	69
kkdai/youtube	b	hochg	1	0.002370	0	0.000000	-0.002370	9	56	69
kkdai/youtube	b	user	1	0.002370	0	0.000000	-0.002370	9	56	69
kkdai/youtube	b	Mate Valko	1	0.002370	0	0.000000	-0.002370	9	56	69
kkdai/youtube	c	Julian Kornberger	145	0.343602	427	0.585734	0.242132	9	56	69
kkdai/youtube	c	Julian Chu	77	0.182464	78	0.106996	-0.075469	9	56	69
kkdai/youtube	c	Minh-Quan TRAN	13	0.030806	70	0.096022	0.065216	9	56	69
kkdai/youtube	c	Kakashi Liu	18	0.042654	35	0.048011	0.005357	9	56	69
kkdai/youtube	c	Pierre Rossi	8	0.018957	31	0.042524	0.023567	9	56	69
kkdai/youtube	c	Camelva	10	0.023697	28	0.038409	0.014712	9	56	69
kkdai/youtube	c	ShadiestGoat	1	0.002370	17	0.023320	0.020950	9	56	69
kkdai/youtube	c	Clairton Santos	2	0.004739	8	0.010974	0.006235	9	56	69
kkdai/youtube	c	Wakeful-Cloud	2	0.004739	7	0.009602	0.004863	9	56	69
kkdai/youtube	c	Srxr	1	0.002370	7	0.009602	0.007233	9	56	69
kkdai/youtube	c	hochg	1	0.002370	7	0.009602	0.007233	9	56	69
kkdai/youtube	c	clouding	2	0.004739	3	0.004115	-0.000624	9	56	69
kkdai/youtube	c	nksapphire	6	0.014218	2	0.002743	-0.011475	9	56	69
kkdai/youtube	c	Philipp Zimmermann	1	0.002370	2	0.002743	0.000374	9	56	69
kkdai/youtube	c	Davincible	4	0.009479	1	0.001372	-0.008107	9	56	69
kkdai/youtube	c	misssparrow	2	0.004739	1	0.001372	-0.003368	9	56	69
kkdai/youtube	c	MelonHiker	2	0.004739	1	0.001372	-0.003368	9	56	69
kkdai/youtube	c	Steven Penny	2	0.004739	1	0.001372	-0.003368	9	56	69
kkdai/youtube	c	trofen	1	0.002370	1	0.001372	-0.000998	9	56	69
kkdai/youtube	c	benjamesfleming	1	0.002370	1	0.001372	-0.000998	9	56	69
kkdai/youtube	c	Stefan Ric	1	0.002370	1	0.001372	-0.000998	9	56	69
kkdai/youtube	c	Evan	38	0.090047	0	0.000000	-0.090047	9	56	69
kkdai/youtube	c	kamilkabir9	7	0.016588	0	0.000000	-0.016588	9	56	69
kkdai/youtube	c	Julian-Chu	6	0.014218	0	0.000000	-0.014218	9	56	69
kkdai/youtube	c	robotomize	5	0.011848	0	0.000000	-0.011848	9	56	69
kkdai/youtube	c	Steven Penny	4	0.009479	0	0.000000	-0.009479	9	56	69
kkdai/youtube	c	Askar	4	0.009479	0	0.000000	-0.009479	9	56	69
kkdai/youtube	c	Juan Llamas	3	0.007109	0	0.000000	-0.007109	9	56	69
kkdai/youtube	c	ByteFlow	3	0.007109	0	0.000000	-0.007109	9	56	69
kkdai/youtube	c	Andrea Manzini	3	0.007109	0	0.000000	-0.007109	9	56	69
kkdai/youtube	c	John	3	0.007109	0	0.000000	-0.007109	9	56	69
kkdai/youtube	c	Alex Belanger	3	0.007109	0	0.000000	-0.007109	9	56	69
kkdai/youtube	c	Bo-Yi Wu	2	0.004739	0	0.000000	-0.004739	9	56	69
kkdai/youtube	c	Satont	2	0.004739	0	0.000000	-0.004739	9	56	69
kkdai/youtube	c	TC pushbot 5	2	0.004739	0	0.000000	-0.004739	9	56	69
kkdai/youtube	c	Tyler	2	0.004739	0	0.000000	-0.004739	9	56	69
kkdai/youtube	c	786212	2	0.004739	0	0.000000	-0.004739	9	56	69
kkdai/youtube	c	shoce	2	0.004739	0	0.000000	-0.004739	9	56	69
kkdai/youtube	c	Steven Penny	1	0.002370	0	0.000000	-0.002370	9	56	69
kkdai/youtube	c	Eyalm321	1	0.002370	0	0.000000	-0.002370	9	56	69
kkdai/youtube	c	Shinku	1	0.002370	0	0.000000	-0.002370	9	56	69
kkdai/youtube	c	Fredrik	1	0.002370	0	0.000000	-0.002370	9	56	69
kkdai/youtube	c	Pranjal Alone	1	0.002370	0	0.000000	-0.002370	9	56	69
kkdai/youtube	c	mikasa	1	0.002370	0	0.000000	-0.002370	9	56	69
kkdai/youtube	c	kasselTrankos	1	0.002370	0	0.000000	-0.002370	9	56	69
kkdai/youtube	c	Andres Villagra	1	0.002370	0	0.000000	-0.002370	9	56	69
kkdai/youtube	c	cheb	1	0.002370	0	0.000000	-0.002370	9	56	69
kkdai/youtube	c	chenghan	1	0.002370	0	0.000000	-0.002370	9	56	69
kkdai/youtube	c	Clairton Santos	1	0.002370	0	0.000000	-0.002370	9	56	69
kkdai/youtube	c	vengador20	1	0.002370	0	0.000000	-0.002370	9	56	69
kkdai/youtube	c	Guoqiang Wang	1	0.002370	0	0.000000	-0.002370	9	56	69
kkdai/youtube	c	Mikhail Samin	1	0.002370	0	0.000000	-0.002370	9	56	69
kkdai/youtube	c	RUSshy	1	0.002370	0	0.000000	-0.002370	9	56	69
kkdai/youtube	c	JIN Weijie	1	0.002370	0	0.000000	-0.002370	9	56	69
kkdai/youtube	c	Julien Desgats	1	0.002370	0	0.000000	-0.002370	9	56	69
kkdai/youtube	c	Ogguz	1	0.002370	0	0.000000	-0.002370	9	56	69
kkdai/youtube	c	Krishna Kanhaiya	1	0.002370	0	0.000000	-0.002370	9	56	69
kkdai/youtube	c	Mohammad Parvin	1	0.002370	0	0.000000	-0.002370	9	56	69
kkdai/youtube	c	Michael Misch	1	0.002370	0	0.000000	-0.002370	9	56	69
kkdai/youtube	c	NMisko	1	0.002370	0	0.000000	-0.002370	9	56	69
kkdai/youtube	c	Rizky Puji Raharja	1	0.002370	0	0.000000	-0.002370	9	56	69
kkdai/youtube	c	robrotheram	1	0.002370	0	0.000000	-0.002370	9	56	69
kkdai/youtube	c	RuizLenato	1	0.002370	0	0.000000	-0.002370	9	56	69
kkdai/youtube	c	Sandro	1	0.002370	0	0.000000	-0.002370	9	56	69
kkdai/youtube	c	Simo Aleksandrov	1	0.002370	0	0.000000	-0.002370	9	56	69
kkdai/youtube	c	Talha Altınel	1	0.002370	0	0.000000	-0.002370	9	56	69
kkdai/youtube	c	Toby Chui	1	0.002370	0	0.000000	-0.002370	9	56	69
kkdai/youtube	c	user	1	0.002370	0	0.000000	-0.002370	9	56	69
kkdai/youtube	c	Mate Valko	1	0.002370	0	0.000000	-0.002370	9	56	69
rust-postgres/rust-postgres	a	Steven Fackler	2144	0.789106	5523	0.526301	-0.262805	43	182	187
rust-postgres/rust-postgres	a	Paolo Barbolini	77	0.028340	2607	0.248428	0.220088	43	182	187
rust-postgres/rust-postgres	a	Ramnivas Laddad	6	0.002208	245	0.023347	0.021138	43	182	187
rust-postgres/rust-postgres	a	Matt Oliver	4	0.001472	217	0.020678	0.019206	43	182	187
rust-postgres/rust-postgres	a	Saber Haj Rabiee	7	0.002576	209	0.019916	0.017340	43	182	187
rust-postgres/rust-postgres	a	ash-hashtag	1	0.000368	181	0.017248	0.016880	43	182	187
rust-postgres/rust-postgres	a	Shawn L.	8	0.002944	167	0.015914	0.012969	43	182	187
rust-postgres/rust-postgres	a	Laurențiu Nicola	2	0.000736	151	0.014389	0.013653	43	182	187
rust-postgres/rust-postgres	a	Jeff Davis	5	0.001840	144	0.013722	0.011882	43	182	187
rust-postgres/rust-postgres	a	Nikhil Benesch	10	0.003681	141	0.013436	0.009756	43	182	187
rust-postgres/rust-postgres	a	Rik van der Kleij	1	0.000368	122	0.011626	0.011258	43	182	187
rust-postgres/rust-postgres	a	ilslv	1	0.000368	113	0.010768	0.010400	43	182	187
rust-postgres/rust-postgres	a	Maël Obréjan	3	0.001104	67	0.006385	0.005280	43	182	187
rust-postgres/rust-postgres	a	Steven Fackler	60	0.022083	48	0.004574	-0.017509	43	182	187
rust-postgres/rust-postgres	a	Peter Blackson	1	0.000368	45	0.004288	0.003920	43	182	187
rust-postgres/rust-postgres	a	crusopaul	1	0.000368	37	0.003526	0.003158	43	182	187
rust-postgres/rust-postgres	a	Bernardo Uriarte Blanco	5	0.001840	36	0.003431	0.001590	43	182	187
rust-postgres/rust-postgres	a	Erik Johnston	3	0.001104	34	0.003240	0.002136	43	182	187
rust-postgres/rust-postgres	a	Allan	9	0.003312	31	0.002954	-0.000358	43	182	187
rust-postgres/rust-postgres	a	Andreas Runfalk	1	0.000368	30	0.002859	0.002491	43	182	187
rust-postgres/rust-postgres	a	novacrazy	1	0.000368	29	0.002763	0.002395	43	182	187
rust-postgres/rust-postgres	a	Michael P. Jung	5	0.001840	28	0.002668	0.000828	43	182	187
rust-postgres/rust-postgres	a	Alex Chi	2	0.000736	27	0.002573	0.001837	43	182	187
rust-postgres/rust-postgres	a	Allan Zhang	9	0.003312	23	0.002192	-0.001121	43	182	187
rust-postgres/rust-postgres	a	Marcin Pajkowski	1	0.000368	23	0.002192	0.001824	43	182	187
rust-postgres/rust-postgres	a	Tim Anderson	4	0.001472	21	0.002001	0.000529	43	182	187
rust-postgres/rust-postgres	a	Sergei Patiakin	5	0.001840	20	0.001906	0.000066	43	182	187
rust-postgres/rust-postgres	a	Dane Rigby	6	0.002208	17	0.001620	-0.000588	43	182	187
rust-postgres/rust-postgres	a	Conrad Ludgate	3	0.001104	17	0.001620	0.000516	43	182	187
rust-postgres/rust-postgres	a	Fredrik Enestad	2	0.000736	17	0.001620	0.000884	43	182	187
rust-postgres/rust-postgres	a	Lukas Kalbertodt	2	0.000736	13	0.001239	0.000503	43	182	187
rust-postgres/rust-postgres	a	Michael Kirk	2	0.000736	12	0.001144	0.000407	43	182	187
rust-postgres/rust-postgres	a	Ning Sun	7	0.002576	10	0.000953	-0.001623	43	182	187
rust-postgres/rust-postgres	a	Brandon W Maister	1	0.000368	9	0.000858	0.000490	43	182	187
rust-postgres/rust-postgres	a	ds-cbo	4	0.001472	8	0.000762	-0.000710	43	182	187
rust-postgres/rust-postgres	a	Chris West (Faux)	4	0.001472	8	0.000762	-0.000710	43	182	187
rust-postgres/rust-postgres	a	Richard Dodd	3	0.001104	7	0.000667	-0.000437	43	182	187
rust-postgres/rust-postgres	a	mibac138	2	0.000736	6	0.000572	-0.000164	43	182	187
rust-postgres/rust-postgres	a	Basti Ortiz	6	0.002208	5	0.000476	-0.001732	43	182	187
rust-postgres/rust-postgres	a	Jacob Chang	1	0.000368	5	0.000476	0.000108	43	182	187
rust-postgres/rust-postgres	a	Charles Hall	1	0.000368	4	0.000381	0.000013	43	182	187
rust-postgres/rust-postgres	a	dependabot[bot]	18	0.006625	3	0.000286	-0.006339	43	182	187
rust-postgres/rust-postgres	a	Hirotaka Azuma	7	0.002576	3	0.000286	-0.002290	43	182	187
rust-postgres/rust-postgres	a	Dmitry Ivanov	1	0.000368	3	0.000286	-0.000082	43	182	187
rust-postgres/rust-postgres	a	Mateusz Mikuła	1	0.000368	3	0.000286	-0.000082	43	182	187
rust-postgres/rust-postgres	a	Pekka Enberg	1	0.000368	3	0.000286	-0.000082	43	182	187
rust-postgres/rust-postgres	a	Aaron Loucks	5	0.001840	2	0.000191	-0.001650	43	182	187
rust-postgres/rust-postgres	a	Alex Pearson	2	0.000736	2	0.000191	-0.000546	43	182	187
rust-postgres/rust-postgres	a	Rohit Singh	1	0.000368	2	0.000191	-0.000177	43	182	187
rust-postgres/rust-postgres	a	Kristof Mattei	1	0.000368	2	0.000191	-0.000177	43	182	187
rust-postgres/rust-postgres	a	Dmitriy Pleshevskiy	1	0.000368	2	0.000191	-0.000177	43	182	187
rust-postgres/rust-postgres	a	Geoffry Song	1	0.000368	2	0.000191	-0.000177	43	182	187
rust-postgres/rust-postgres	a	Paul Hemberger	4	0.001472	1	0.000095	-0.001377	43	182	187
rust-postgres/rust-postgres	a	Ruslan Talpa	3	0.001104	1	0.000095	-0.001009	43	182	187
rust-postgres/rust-postgres	a	Justin Wayne	2	0.000736	1	0.000095	-0.000641	43	182	187
rust-postgres/rust-postgres	a	Sidney Cammeresi	2	0.000736	1	0.000095	-0.000641	43	182	187
rust-postgres/rust-postgres	a	Naim A	1	0.000368	1	0.000095	-0.000273	43	182	187
rust-postgres/rust-postgres	a	Darren Tsung	1	0.000368	1	0.000095	-0.000273	43	182	187
rust-postgres/rust-postgres	a	Vladislav Nezhutin	1	0.000368	1	0.000095	-0.000273	43	182	187
rust-postgres/rust-postgres	a	wuaoxiang	1	0.000368	1	0.000095	-0.000273	43	182	187
rust-postgres/rust-postgres	a	xxchan	1	0.000368	1	0.000095	-0.000273	43	182	187
rust-postgres/rust-postgres	a	Yeongbae Jeon	1	0.000368	1	0.000095	-0.000273	43	182	187
rust-postgres/rust-postgres	a	Trung Dinh	14	0.005153	0	0.000000	-0.005153	43	182	187
rust-postgres/rust-postgres	a	dependabot-preview[bot]	10	0.003681	0	0.000000	-0.003681	43	182	187
rust-postgres/rust-postgres	a	Joe Wilm	10	0.003681	0	0.000000	-0.003681	43	182	187
rust-postgres/rust-postgres	a	Alex Crichton	8	0.002944	0	0.000000	-0.002944	43	182	187
rust-postgres/rust-postgres	a	zach-com	5	0.001840	0	0.000000	-0.001840	43	182	187
rust-postgres/rust-postgres	a	Zeb Piasecki	5	0.001840	0	0.000000	-0.001840	43	182	187
rust-postgres/rust-postgres	a	Andrew Baumhauer	4	0.001472	0	0.000000	-0.001472	43	182	187
rust-postgres/rust-postgres	a	Colin Maxfield	4	0.001472	0	0.000000	-0.001472	43	182	187
rust-postgres/rust-postgres	a	Kevin Butler	4	0.001472	0	0.000000	-0.001472	43	182	187
rust-postgres/rust-postgres	a	dvic	4	0.001472	0	0.000000	-0.001472	43	182	187
rust-postgres/rust-postgres	a	jaydenelliott	4	0.001472	0	0.000000	-0.001472	43	182	187
rust-postgres/rust-postgres	a	Kyle Huey	4	0.001472	0	0.000000	-0.001472	43	182	187
rust-postgres/rust-postgres	a	Joseph Koshakow	4	0.001472	0	0.000000	-0.001472	43	182	187
rust-postgres/rust-postgres	a	Nathan VanBenschoten	4	0.001472	0	0.000000	-0.001472	43	182	187
rust-postgres/rust-postgres	a	Lachezar Lechev	3	0.001104	0	0.000000	-0.001104	43	182	187
rust-postgres/rust-postgres	a	BratSinot	3	0.001104	0	0.000000	-0.001104	43	182	187
rust-postgres/rust-postgres	a	Cody P Schafer	3	0.001104	0	0.000000	-0.001104	43	182	187
rust-postgres/rust-postgres	a	Chinedu Francis Nwafili	3	0.001104	0	0.000000	-0.001104	43	182	187
rust-postgres/rust-postgres	a	Harry Maclean	3	0.001104	0	0.000000	-0.001104	43	182	187
rust-postgres/rust-postgres	a	Sebastian Schmidt	3	0.001104	0	0.000000	-0.001104	43	182	187
rust-postgres/rust-postgres	a	kestred	3	0.001104	0	0.000000	-0.001104	43	182	187
rust-postgres/rust-postgres	a	坚坚冰	3	0.001104	0	0.000000	-0.001104	43	182	187
rust-postgres/rust-postgres	a	Jim Radford	3	0.001104	0	0.000000	-0.001104	43	182	187
rust-postgres/rust-postgres	a	Steve Klabnik	3	0.001104	0	0.000000	-0.001104	43	182	187
rust-postgres/rust-postgres	a	philomathic_life	2	0.000736	0	0.000000	-0.000736	43	182	187
rust-postgres/rust-postgres	a	fakeshadow	2	0.000736	0	0.000000	-0.000736	43	182	187
rust-postgres/rust-postgres	a	Basti Ortiz	2	0.000736	0	0.000000	-0.000736	43	182	187
rust-postgres/rust-postgres	a	chandr-andr (Kiselev Aleksandr)	2	0.000736	0	0.000000	-0.000736	43	182	187
rust-postgres/rust-postgres	a	Corey Farwell	2	0.000736	0	0.000000	-0.000736	43	182	187
rust-postgres/rust-postgres	a	Curtis McEnroe	2	0.000736	0	0.000000	-0.000736	43	182	187
rust-postgres/rust-postgres	a	Duarte Nunes	2	0.000736	0	0.000000	-0.000736	43	182	187
rust-postgres/rust-postgres	a	Lachezar Lechev	2	0.000736	0	0.000000	-0.000736	43	182	187
rust-postgres/rust-postgres	a	Kirill Fomichev	2	0.000736	0	0.000000	-0.000736	43	182	187
rust-postgres/rust-postgres	a	Stanislav Panferov	2	0.000736	0	0.000000	-0.000736	43	182	187
rust-postgres/rust-postgres	a	ReadmeCritic	2	0.000736	0	0.000000	-0.000736	43	182	187
rust-postgres/rust-postgres	a	Oliver Schneider	2	0.000736	0	0.000000	-0.000736	43	182	187
rust-postgres/rust-postgres	a	Matthijs van der Vleuten	2	0.000736	0	0.000000	-0.000736	43	182	187
rust-postgres/rust-postgres	a	Johannes Schriewer	2	0.000736	0	0.000000	-0.000736	43	182	187
rust-postgres/rust-postgres	a	Jakub Wieczorek	2	0.000736	0	0.000000	-0.000736	43	182	187
rust-postgres/rust-postgres	a	Joshua Nelson	2	0.000736	0	0.000000	-0.000736	43	182	187
rust-postgres/rust-postgres	a	Matt Duch	2	0.000736	0	0.000000	-0.000736	43	182	187
rust-postgres/rust-postgres	a	Matthew Maurer	2	0.000736	0	0.000000	-0.000736	43	182	187
rust-postgres/rust-postgres	a	Juan Aguilar Santillana	2	0.000736	0	0.000000	-0.000736	43	182	187
rust-postgres/rust-postgres	a	Mike Dilger	2	0.000736	0	0.000000	-0.000736	43	182	187
rust-postgres/rust-postgres	a	Niklas Hallqvist	2	0.000736	0	0.000000	-0.000736	43	182	187
rust-postgres/rust-postgres	a	Petar Radosevic	2	0.000736	0	0.000000	-0.000736	43	182	187
rust-postgres/rust-postgres	a	Philipp Korber	2	0.000736	0	0.000000	-0.000736	43	182	187
rust-postgres/rust-postgres	a	James Sanders	2	0.000736	0	0.000000	-0.000736	43	182	187
rust-postgres/rust-postgres	a	Sylwester Rąpała	2	0.000736	0	0.000000	-0.000736	43	182	187
rust-postgres/rust-postgres	a	TheSandwichMakr	2	0.000736	0	0.000000	-0.000736	43	182	187
rust-postgres/rust-postgres	a	andrew	1	0.000368	0	0.000000	-0.000368	43	182	187
rust-postgres/rust-postgres	a	Charmander	1	0.000368	0	0.000000	-0.000368	43	182	187
rust-postgres/rust-postgres	a	die-herdplatte	1	0.000368	0	0.000000	-0.000368	43	182	187
rust-postgres/rust-postgres	a	Jakub Koralewski	1	0.000368	0	0.000000	-0.000368	43	182	187
rust-postgres/rust-postgres	a	Aleš Bizjak	1	0.000368	0	0.000000	-0.000368	43	182	187
rust-postgres/rust-postgres	a	Abhishek Chanda	1	0.000368	0	0.000000	-0.000368	43	182	187
rust-postgres/rust-postgres	a	Aleksander Vognild Burkow	1	0.000368	0	0.000000	-0.000368	43	182	187
rust-postgres/rust-postgres	a	Andreas Sommer	1	0.000368	0	0.000000	-0.000368	43	182	187
rust-postgres/rust-postgres	a	Andrew Baumhauer	1	0.000368	0	0.000000	-0.000368	43	182	187
rust-postgres/rust-postgres	a	Ari Breitkreuz	1	0.000368	0	0.000000	-0.000368	43	182	187
rust-postgres/rust-postgres	a	Artem Vorotnikov	1	0.000368	0	0.000000	-0.000368	43	182	187
rust-postgres/rust-postgres	a	Benjamin Swart	1	0.000368	0	0.000000	-0.000368	43	182	187
rust-postgres/rust-postgres	a	Christofer Nolander	1	0.000368	0	0.000000	-0.000368	43	182	187
rust-postgres/rust-postgres	a	Dirkjan Ochtman	1	0.000368	0	0.000000	-0.000368	43	182	187
rust-postgres/rust-postgres	a	Dan Burkert	1	0.000368	0	0.000000	-0.000368	43	182	187
rust-postgres/rust-postgres	a	Davide Angelocola	1	0.000368	0	0.000000	-0.000368	43	182	187
rust-postgres/rust-postgres	a	George London	1	0.000368	0	0.000000	-0.000368	43	182	187
rust-postgres/rust-postgres	a	Eric Kidd	1	0.000368	0	0.000000	-0.000368	43	182	187
rust-postgres/rust-postgres	a	kud1ing	1	0.000368	0	0.000000	-0.000368	43	182	187
rust-postgres/rust-postgres	a	shelvacu	1	0.000368	0	0.000000	-0.000368	43	182	187
rust-postgres/rust-postgres	a	gwenn	1	0.000368	0	0.000000	-0.000368	43	182	187
rust-postgres/rust-postgres	a	Alex Gulyás	1	0.000368	0	0.000000	-0.000368	43	182	187
rust-postgres/rust-postgres	a	Harris Kaufmann	1	0.000368	0	0.000000	-0.000368	43	182	187
rust-postgres/rust-postgres	a	hansolshin	1	0.000368	0	0.000000	-0.000368	43	182	187
rust-postgres/rust-postgres	a	Andrew Baxter	1	0.000368	0	0.000000	-0.000368	43	182	187
rust-postgres/rust-postgres	a	Ibiyemi Abiodun	1	0.000368	0	0.000000	-0.000368	43	182	187
rust-postgres/rust-postgres	a	Ivan Kozik	1	0.000368	0	0.000000	-0.000368	43	182	187
rust-postgres/rust-postgres	a	James Guthrie	1	0.000368	0	0.000000	-0.000368	43	182	187
rust-postgres/rust-postgres	a	Jeb Rosen	1	0.000368	0	0.000000	-0.000368	43	182	187
rust-postgres/rust-postgres	a	laxjesse	1	0.000368	0	0.000000	-0.000368	43	182	187
rust-postgres/rust-postgres	a	Jonathan Reem	1	0.000368	0	0.000000	-0.000368	43	182	187
rust-postgres/rust-postgres	a	JR Smith	1	0.000368	0	0.000000	-0.000368	43	182	187
rust-postgres/rust-postgres	a	Joshua Miller	1	0.000368	0	0.000000	-0.000368	43	182	187
rust-postgres/rust-postgres	a	Joe Wilm	1	0.000368	0	0.000000	-0.000368	43	182	187
rust-postgres/rust-postgres	a	Kai Yao	1	0.000368	0	0.000000	-0.000368	43	182	187
rust-postgres/rust-postgres	a	Kim Rutherford	1	0.000368	0	0.000000	-0.000368	43	182	187
rust-postgres/rust-postgres	a	Kris	1	0.000368	0	0.000000	-0.000368	43	182	187
rust-postgres/rust-postgres	a	Charles Samuels	1	0.000368	0	0.000000	-0.000368	43	182	187
rust-postgres/rust-postgres	a	Kyle Dewey	1	0.000368	0	0.000000	-0.000368	43	182	187
rust-postgres/rust-postgres	a	Lev Kokotov	1	0.000368	0	0.000000	-0.000368	43	182	187
rust-postgres/rust-postgres	a	Marko Tiikkaja	1	0.000368	0	0.000000	-0.000368	43	182	187
rust-postgres/rust-postgres	a	Mathieu Rheaume	1	0.000368	0	0.000000	-0.000368	43	182	187
rust-postgres/rust-postgres	a	Max Ammann	1	0.000368	0	0.000000	-0.000368	43	182	187
rust-postgres/rust-postgres	a	Alejandro Carretero García	1	0.000368	0	0.000000	-0.000368	43	182	187
rust-postgres/rust-postgres	a	Michael Niens	1	0.000368	0	0.000000	-0.000368	43	182	187
rust-postgres/rust-postgres	a	Mike "Wizard" Dilger	1	0.000368	0	0.000000	-0.000368	43	182	187
rust-postgres/rust-postgres	a	est31	1	0.000368	0	0.000000	-0.000368	43	182	187
rust-postgres/rust-postgres	a	Nicolas Guiard	1	0.000368	0	0.000000	-0.000368	43	182	187
rust-postgres/rust-postgres	a	Tom Parker-Shemilt	1	0.000368	0	0.000000	-0.000368	43	182	187
rust-postgres/rust-postgres	a	paulbort	1	0.000368	0	0.000000	-0.000368	43	182	187
rust-postgres/rust-postgres	a	Petros Angelatos	1	0.000368	0	0.000000	-0.000368	43	182	187
rust-postgres/rust-postgres	a	p512	1	0.000368	0	0.000000	-0.000368	43	182	187
rust-postgres/rust-postgres	a	Qiu Chaofan	1	0.000368	0	0.000000	-0.000368	43	182	187
rust-postgres/rust-postgres	a	Quentin Laveau	1	0.000368	0	0.000000	-0.000368	43	182	187
rust-postgres/rust-postgres	a	Clément Renault	1	0.000368	0	0.000000	-0.000368	43	182	187
rust-postgres/rust-postgres	a	Richard Jonas	1	0.000368	0	0.000000	-0.000368	43	182	187
rust-postgres/rust-postgres	a	Robert Lord	1	0.000368	0	0.000000	-0.000368	43	182	187
rust-postgres/rust-postgres	a	Rory McCann	1	0.000368	0	0.000000	-0.000368	43	182	187
rust-postgres/rust-postgres	a	Mark Lee	1	0.000368	0	0.000000	-0.000368	43	182	187
rust-postgres/rust-postgres	a	Sidney Cammeresi	1	0.000368	0	0.000000	-0.000368	43	182	187
rust-postgres/rust-postgres	a	Santiago Lapresta	1	0.000368	0	0.000000	-0.000368	43	182	187
rust-postgres/rust-postgres	a	Johannes Schickling	1	0.000368	0	0.000000	-0.000368	43	182	187
rust-postgres/rust-postgres	a	SabrinaJewson	1	0.000368	0	0.000000	-0.000368	43	182	187
rust-postgres/rust-postgres	a	Sam Rijs	1	0.000368	0	0.000000	-0.000368	43	182	187
rust-postgres/rust-postgres	a	Thomas de Zeeuw	1	0.000368	0	0.000000	-0.000368	43	182	187
rust-postgres/rust-postgres	a	Tom Frank	1	0.000368	0	0.000000	-0.000368	43	182	187
rust-postgres/rust-postgres	a	Tom Houlé	1	0.000368	0	0.000000	-0.000368	43	182	187
rust-postgres/rust-postgres	a	transcaffeine	1	0.000368	0	0.000000	-0.000368	43	182	187
rust-postgres/rust-postgres	a	Troy Benson	1	0.000368	0	0.000000	-0.000368	43	182	187
rust-postgres/rust-postgres	a	Tshepang Lekhonkhobe	1	0.000368	0	0.000000	-0.000368	43	182	187
rust-postgres/rust-postgres	a	TyanNN	1	0.000368	0	0.000000	-0.000368	43	182	187
rust-postgres/rust-postgres	a	vsuryamurthy	1	0.000368	0	0.000000	-0.000368	43	182	187
rust-postgres/rust-postgres	a	Vinicius Hirschle	1	0.000368	0	0.000000	-0.000368	43	182	187
rust-postgres/rust-postgres	a	Wahaha	1	0.000368	0	0.000000	-0.000368	43	182	187
rust-postgres/rust-postgres	a	Yuri Astrakhan	1	0.000368	0	0.000000	-0.000368	43	182	187
rust-postgres/rust-postgres	b	Steven Fackler	2144	0.789106	2534	0.699807	-0.089299	31	182	187
rust-postgres/rust-postgres	b	Shawn L.	8	0.002944	168	0.046396	0.043452	31	182	187
rust-postgres/rust-postgres	b	Aaron Loucks	5	0.001840	153	0.042254	0.040413	31	182	187
rust-postgres/rust-postgres	b	Paolo Barbolini	77	0.028340	129	0.035626	0.007285	31	182	187
rust-postgres/rust-postgres	b	jaydenelliott	4	0.001472	128	0.035349	0.033877	31	182	187
rust-postgres/rust-postgres	b	Vinicius Hirschle	1	0.000368	74	0.020436	0.020068	31	182	187
rust-postgres/rust-postgres	b	Jakub Wieczorek	2	0.000736	70	0.019332	0.018596	31	182	187
rust-postgres/rust-postgres	b	Tim Anderson	4	0.001472	46	0.012704	0.011231	31	182	187
rust-postgres/rust-postgres	b	Nikhil Benesch	10	0.003681	37	0.010218	0.006538	31	182	187
rust-postgres/rust-postgres	b	ash-hashtag	1	0.000368	33	0.009114	0.008745	31	182	187
rust-postgres/rust-postgres	b	BratSinot	3	0.001104	27	0.007457	0.006352	31	182	187
rust-postgres/rust-postgres	b	philomathic_life	2	0.000736	25	0.006904	0.006168	31	182	187
rust-postgres/rust-postgres	b	Andreas Runfalk	1	0.000368	24	0.006628	0.006260	31	182	187
rust-postgres/rust-postgres	b	Saber Haj Rabiee	7	0.002576	23	0.006352	0.003775	31	182	187
rust-postgres/rust-postgres	b	Matt Duch	2	0.000736	23	0.006352	0.005616	31	182	187
rust-postgres/rust-postgres	b	Joseph Koshakow	4	0.001472	16	0.004419	0.002946	31	182	187
rust-postgres/rust-postgres	b	zach-com	5	0.001840	11	0.003038	0.001198	31	182	187
rust-postgres/rust-postgres	b	Chris West (Faux)	4	0.001472	8	0.002209	0.000737	31	182	187
rust-postgres/rust-postgres	b	dependabot[bot]	18	0.006625	7	0.001933	-0.004692	31	182	187
rust-postgres/rust-postgres	b	Bernardo Uriarte Blanco	5	0.001840	7	0.001933	0.000093	31	182	187
rust-postgres/rust-postgres	b	Zeb Piasecki	5	0.001840	7	0.001933	0.000093	31	182	187
rust-postgres/rust-postgres	b	mibac138	2	0.000736	6	0.001657	0.000921	31	182	187
rust-postgres/rust-postgres	b	Michael Kirk	2	0.000736	6	0.001657	0.000921	31	182	187
rust-postgres/rust-postgres	b	crusopaul	1	0.000368	6	0.001657	0.001289	31	182	187
rust-postgres/rust-postgres	b	Steven Fackler	60	0.022083	5	0.001381	-0.020702	31	182	187
rust-postgres/rust-postgres	b	ds-cbo	4	0.001472	5	0.001381	-0.000091	31	182	187
rust-postgres/rust-postgres	b	Jacob Chang	1	0.000368	5	0.001381	0.001013	31	182	187
rust-postgres/rust-postgres	b	Conrad Ludgate	3	0.001104	4	0.001105	0.000001	31	182	187
rust-postgres/rust-postgres	b	Allan Zhang	9	0.003312	3	0.000829	-0.002484	31	182	187
rust-postgres/rust-postgres	b	Ning Sun	7	0.002576	3	0.000829	-0.001748	31	182	187
rust-postgres/rust-postgres	b	Laurențiu Nicola	2	0.000736	3	0.000829	0.000092	31	182	187
rust-postgres/rust-postgres	b	Mateusz Mikuła	1	0.000368	3	0.000829	0.000460	31	182	187
rust-postgres/rust-postgres	b	Peter Blackson	1	0.000368	3	0.000829	0.000460	31	182	187
rust-postgres/rust-postgres	b	Basti Ortiz	6	0.002208	2	0.000552	-0.001656	31	182	187
rust-postgres/rust-postgres	b	Colin Maxfield	4	0.001472	2	0.000552	-0.000920	31	182	187
rust-postgres/rust-postgres	b	Lukas Kalbertodt	2	0.000736	2	0.000552	-0.000184	31	182	187
rust-postgres/rust-postgres	b	Kristof Mattei	1	0.000368	2	0.000552	0.000184	31	182	187
rust-postgres/rust-postgres	b	Charles Hall	1	0.000368	2	0.000552	0.000184	31	182	187
rust-postgres/rust-postgres	b	gwenn	1	0.000368	2	0.000552	0.000184	31	182	187
rust-postgres/rust-postgres	b	Jeff Davis	5	0.001840	1	0.000276	-0.001564	31	182	187
rust-postgres/rust-postgres	b	lygz5016	3	0.001104	1	0.000276	-0.000828	31	182	187
rust-postgres/rust-postgres	b	Duarte Nunes	2	0.000736	1	0.000276	-0.000460	31	182	187
rust-postgres/rust-postgres	b	Vladislav Nezhutin	1	0.000368	1	0.000276	-0.000092	31	182	187
rust-postgres/rust-postgres	b	George London	1	0.000368	1	0.000276	-0.000092	31	182	187
rust-postgres/rust-postgres	b	Geoffry Song	1	0.000368	1	0.000276	-0.000092	31	182	187
rust-postgres/rust-postgres	b	Thomas de Zeeuw	1	0.000368	1	0.000276	-0.000092	31	182	187
rust-postgres/rust-postgres	b	Trung Dinh	14	0.005153	0	0.000000	-0.005153	31	182	187
rust-postgres/rust-postgres	b	dependabot-preview[bot]	10	0.003681	0	0.000000	-0.003681	31	182	187
rust-postgres/rust-postgres	b	Joe Wilm	10	0.003681	0	0.000000	-0.003681	31	182	187
rust-postgres/rust-postgres	b	Allan Zhang	9	0.003312	0	0.000000	-0.003312	31	182	187
rust-postgres/rust-postgres	b	Alex Crichton	8	0.002944	0	0.000000	-0.002944	31	182	187
rust-postgres/rust-postgres	b	Hirotaka Azuma	7	0.002576	0	0.000000	-0.002576	31	182	187
rust-postgres/rust-postgres	b	Dane Rigby	6	0.002208	0	0.000000	-0.002208	31	182	187
rust-postgres/rust-postgres	b	Ramnivas Laddad	6	0.002208	0	0.000000	-0.002208	31	182	187
rust-postgres/rust-postgres	b	Michael P. Jung	5	0.001840	0	0.000000	-0.001840	31	182	187
rust-postgres/rust-postgres	b	Sergei Patiakin	5	0.001840	0	0.000000	-0.001840	31	182	187
rust-postgres/rust-postgres	b	Andrew Baumhauer	4	0.001472	0	0.000000	-0.001472	31	182	187
rust-postgres/rust-postgres	b	Kevin Butler	4	0.001472	0	0.000000	-0.001472	31	182	187
rust-postgres/rust-postgres	b	dvic	4	0.001472	0	0.000000	-0.001472	31	182	187
rust-postgres/rust-postgres	b	Kyle Huey	4	0.001472	0	0.000000	-0.001472	31	182	187
rust-postgres/rust-postgres	b	Matt Oliver	4	0.001472	0	0.000000	-0.001472	31	182	187
rust-postgres/rust-postgres	b	Nathan VanBenschoten	4	0.001472	0	0.000000	-0.001472	31	182	187
rust-postgres/rust-postgres	b	Paul Hemberger	4	0.001472	0	0.000000	-0.001472	31	182	187
rust-postgres/rust-postgres	b	Lachezar Lechev	3	0.001104	0	0.000000	-0.001104	31	182	187
rust-postgres/rust-postgres	b	Cody P Schafer	3	0.001104	0	0.000000	-0.001104	31	182	187
rust-postgres/rust-postgres	b	Erik Johnston	3	0.001104	0	0.000000	-0.001104	31	182	187
rust-postgres/rust-postgres	b	Chinedu Francis Nwafili	3	0.001104	0	0.000000	-0.001104	31	182	187
rust-postgres/rust-postgres	b	Harry Maclean	3	0.001104	0	0.000000	-0.001104	31	182	187
rust-postgres/rust-postgres	b	Sebastian Schmidt	3	0.001104	0	0.000000	-0.001104	31	182	187
rust-postgres/rust-postgres	b	kestred	3	0.001104	0	0.000000	-0.001104	31	182	187
rust-postgres/rust-postgres	b	Maël Obréjan	3	0.001104	0	0.000000	-0.001104	31	182	187
rust-postgres/rust-postgres	b	Jim Radford	3	0.001104	0	0.000000	-0.001104	31	182	187
rust-postgres/rust-postgres	b	Richard Dodd	3	0.001104	0	0.000000	-0.001104	31	182	187
rust-postgres/rust-postgres	b	Ruslan Talpa	3	0.001104	0	0.000000	-0.001104	31	182	187
rust-postgres/rust-postgres	b	Steve Klabnik	3	0.001104	0	0.000000	-0.001104	31	182	187
rust-postgres/rust-postgres	b	fakeshadow	2	0.000736	0	0.000000	-0.000736	31	182	187
rust-postgres/rust-postgres	b	Basti Ortiz	2	0.000736	0	0.000000	-0.000736	31	182	187
rust-postgres/rust-postgres	b	Alex Pearson	2	0.000736	0	0.000000	-0.000736	31	182	187
rust-postgres/rust-postgres	b	chandr-andr (Kiselev Aleksandr)	2	0.000736	0	0.000000	-0.000736	31	182	187
rust-postgres/rust-postgres	b	Corey Farwell	2	0.000736	0	0.000000	-0.000736	31	182	187
rust-postgres/rust-postgres	b	Curtis McEnroe	2	0.000736	0	0.000000	-0.000736	31	182	187
rust-postgres/rust-postgres	b	Lachezar Lechev	2	0.000736	0	0.000000	-0.000736	31	182	187
rust-postgres/rust-postgres	b	Kirill Fomichev	2	0.000736	0	0.000000	-0.000736	31	182	187
rust-postgres/rust-postgres	b	Stanislav Panferov	2	0.000736	0	0.000000	-0.000736	31	182	187
rust-postgres/rust-postgres	b	ReadmeCritic	2	0.000736	0	0.000000	-0.000736	31	182	187
rust-postgres/rust-postgres	b	Fredrik Enestad	2	0.000736	0	0.000000	-0.000736	31	182	187
rust-postgres/rust-postgres	b	Oliver Schneider	2	0.000736	0	0.000000	-0.000736	31	182	187
rust-postgres/rust-postgres	b	Matthijs van der Vleuten	2	0.000736	0	0.000000	-0.000736	31	182	187
rust-postgres/rust-postgres	b	Alex Chi	2	0.000736	0	0.000000	-0.000736	31	182	187
rust-postgres/rust-postgres	b	Johannes Schriewer	2	0.000736	0	0.000000	-0.000736	31	182	187
rust-postgres/rust-postgres	b	Justin Wayne	2	0.000736	0	0.000000	-0.000736	31	182	187
rust-postgres/rust-postgres	b	Joshua Nelson	2	0.000736	0	0.000000	-0.000736	31	182	187
rust-postgres/rust-postgres	b	Matthew Maurer	2	0.000736	0	0.000000	-0.000736	31	182	187
rust-postgres/rust-postgres	b	Juan Aguilar Santillana	2	0.000736	0	0.000000	-0.000736	31	182	187
rust-postgres/rust-postgres	b	Mike Dilger	2	0.000736	0	0.000000	-0.000736	31	182	187
rust-postgres/rust-postgres	b	Niklas Hallqvist	2	0.000736	0	0.000000	-0.000736	31	182	187
rust-postgres/rust-postgres	b	Petar Radosevic	2	0.000736	0	0.000000	-0.000736	31	182	187
rust-postgres/rust-postgres	b	Philipp Korber	2	0.000736	0	0.000000	-0.000736	31	182	187
rust-postgres/rust-postgres	b	Sidney Cammeresi	2	0.000736	0	0.000000	-0.000736	31	182	187
rust-postgres/rust-postgres	b	James Sanders	2	0.000736	0	0.000000	-0.000736	31	182	187
rust-postgres/rust-postgres	b	Sylwester Rąpała	2	0.000736	0	0.000000	-0.000736	31	182	187
rust-postgres/rust-postgres	b	TheSandwichMakr	2	0.000736	0	0.000000	-0.000736	31	182	187
rust-postgres/rust-postgres	b	andrew	1	0.000368	0	0.000000	-0.000368	31	182	187
rust-postgres/rust-postgres	b	Charmander	1	0.000368	0	0.000000	-0.000368	31	182	187
rust-postgres/rust-postgres	b	die-herdplatte	1	0.000368	0	0.000000	-0.000368	31	182	187
rust-postgres/rust-postgres	b	Naim A	1	0.000368	0	0.000000	-0.000368	31	182	187
rust-postgres/rust-postgres	b	Rohit Singh	1	0.000368	0	0.000000	-0.000368	31	182	187
rust-postgres/rust-postgres	b	Jakub Koralewski	1	0.000368	0	0.000000	-0.000368	31	182	187
rust-postgres/rust-postgres	b	Aleš Bizjak	1	0.000368	0	0.000000	-0.000368	31	182	187
rust-postgres/rust-postgres	b	Abhishek Chanda	1	0.000368	0	0.000000	-0.000368	31	182	187
rust-postgres/rust-postgres	b	Aleksander Vognild Burkow	1	0.000368	0	0.000000	-0.000368	31	182	187
rust-postgres/rust-postgres	b	Andreas Sommer	1	0.000368	0	0.000000	-0.000368	31	182	187
rust-postgres/rust-postgres	b	Andrew Baumhauer	1	0.000368	0	0.000000	-0.000368	31	182	187
rust-postgres/rust-postgres	b	Ari Breitkreuz	1	0.000368	0	0.000000	-0.000368	31	182	187
rust-postgres/rust-postgres	b	Artem Vorotnikov	1	0.000368	0	0.000000	-0.000368	31	182	187
rust-postgres/rust-postgres	b	Benjamin Swart	1	0.000368	0	0.000000	-0.000368	31	182	187
rust-postgres/rust-postgres	b	Brandon W Maister	1	0.000368	0	0.000000	-0.000368	31	182	187
rust-postgres/rust-postgres	b	Christofer Nolander	1	0.000368	0	0.000000	-0.000368	31	182	187
rust-postgres/rust-postgres	b	Dirkjan Ochtman	1	0.000368	0	0.000000	-0.000368	31	182	187
rust-postgres/rust-postgres	b	Dan Burkert	1	0.000368	0	0.000000	-0.000368	31	182	187
rust-postgres/rust-postgres	b	Darren Tsung	1	0.000368	0	0.000000	-0.000368	31	182	187
rust-postgres/rust-postgres	b	Davide Angelocola	1	0.000368	0	0.000000	-0.000368	31	182	187
rust-postgres/rust-postgres	b	Dmitriy Pleshevskiy	1	0.000368	0	0.000000	-0.000368	31	182	187
rust-postgres/rust-postgres	b	Eric Kidd	1	0.000368	0	0.000000	-0.000368	31	182	187
rust-postgres/rust-postgres	b	kud1ing	1	0.000368	0	0.000000	-0.000368	31	182	187
rust-postgres/rust-postgres	b	shelvacu	1	0.000368	0	0.000000	-0.000368	31	182	187
rust-postgres/rust-postgres	b	Alex Gulyás	1	0.000368	0	0.000000	-0.000368	31	182	187
rust-postgres/rust-postgres	b	Harris Kaufmann	1	0.000368	0	0.000000	-0.000368	31	182	187
rust-postgres/rust-postgres	b	hansolshin	1	0.000368	0	0.000000	-0.000368	31	182	187
rust-postgres/rust-postgres	b	Andrew Baxter	1	0.000368	0	0.000000	-0.000368	31	182	187
rust-postgres/rust-postgres	b	Ibiyemi Abiodun	1	0.000368	0	0.000000	-0.000368	31	182	187
rust-postgres/rust-postgres	b	ilslv	1	0.000368	0	0.000000	-0.000368	31	182	187
rust-postgres/rust-postgres	b	Dmitry Ivanov	1	0.000368	0	0.000000	-0.000368	31	182	187
rust-postgres/rust-postgres	b	Ivan Kozik	1	0.000368	0	0.000000	-0.000368	31	182	187
rust-postgres/rust-postgres	b	James Guthrie	1	0.000368	0	0.000000	-0.000368	31	182	187
rust-postgres/rust-postgres	b	Jeb Rosen	1	0.000368	0	0.000000	-0.000368	31	182	187
rust-postgres/rust-postgres	b	laxjesse	1	0.000368	0	0.000000	-0.000368	31	182	187
rust-postgres/rust-postgres	b	Jonathan Reem	1	0.000368	0	0.000000	-0.000368	31	182	187
rust-postgres/rust-postgres	b	JR Smith	1	0.000368	0	0.000000	-0.000368	31	182	187
rust-postgres/rust-postgres	b	Joshua Miller	1	0.000368	0	0.000000	-0.000368	31	182	187
rust-postgres/rust-postgres	b	Joe Wilm	1	0.000368	0	0.000000	-0.000368	31	182	187
rust-postgres/rust-postgres	b	Kai Yao	1	0.000368	0	0.000000	-0.000368	31	182	187
rust-postgres/rust-postgres	b	Kim Rutherford	1	0.000368	0	0.000000	-0.000368	31	182	187
rust-postgres/rust-postgres	b	Kris	1	0.000368	0	0.000000	-0.000368	31	182	187
rust-postgres/rust-postgres	b	Charles Samuels	1	0.000368	0	0.000000	-0.000368	31	182	187
rust-postgres/rust-postgres	b	Kyle Dewey	1	0.000368	0	0.000000	-0.000368	31	182	187
rust-postgres/rust-postgres	b	Lev Kokotov	1	0.000368	0	0.000000	-0.000368	31	182	187
rust-postgres/rust-postgres	b	Marcin Pajkowski	1	0.000368	0	0.000000	-0.000368	31	182	187
rust-postgres/rust-postgres	b	Marko Tiikkaja	1	0.000368	0	0.000000	-0.000368	31	182	187
rust-postgres/rust-postgres	b	Mathieu Rheaume	1	0.000368	0	0.000000	-0.000368	31	182	187
rust-postgres/rust-postgres	b	Max Ammann	1	0.000368	0	0.000000	-0.000368	31	182	187
rust-postgres/rust-postgres	b	Alejandro Carretero García	1	0.000368	0	0.000000	-0.000368	31	182	187
rust-postgres/rust-postgres	b	Michael Niens	1	0.000368	0	0.000000	-0.000368	31	182	187
rust-postgres/rust-postgres	b	Mike "Wizard" Dilger	1	0.000368	0	0.000000	-0.000368	31	182	187
rust-postgres/rust-postgres	b	est31	1	0.000368	0	0.000000	-0.000368	31	182	187
rust-postgres/rust-postgres	b	Nicolas Guiard	1	0.000368	0	0.000000	-0.000368	31	182	187
rust-postgres/rust-postgres	b	novacrazy	1	0.000368	0	0.000000	-0.000368	31	182	187
rust-postgres/rust-postgres	b	Tom Parker-Shemilt	1	0.000368	0	0.000000	-0.000368	31	182	187
rust-postgres/rust-postgres	b	paulbort	1	0.000368	0	0.000000	-0.000368	31	182	187
rust-postgres/rust-postgres	b	Pekka Enberg	1	0.000368	0	0.000000	-0.000368	31	182	187
rust-postgres/rust-postgres	b	Petros Angelatos	1	0.000368	0	0.000000	-0.000368	31	182	187
rust-postgres/rust-postgres	b	p512	1	0.000368	0	0.000000	-0.000368	31	182	187
rust-postgres/rust-postgres	b	wuaoxiang	1	0.000368	0	0.000000	-0.000368	31	182	187
rust-postgres/rust-postgres	b	Qiu Chaofan	1	0.000368	0	0.000000	-0.000368	31	182	187
rust-postgres/rust-postgres	b	Quentin Laveau	1	0.000368	0	0.000000	-0.000368	31	182	187
rust-postgres/rust-postgres	b	Clément Renault	1	0.000368	0	0.000000	-0.000368	31	182	187
rust-postgres/rust-postgres	b	Richard Jonas	1	0.000368	0	0.000000	-0.000368	31	182	187
rust-postgres/rust-postgres	b	Rik van der Kleij	1	0.000368	0	0.000000	-0.000368	31	182	187
rust-postgres/rust-postgres	b	Robert Lord	1	0.000368	0	0.000000	-0.000368	31	182	187
rust-postgres/rust-postgres	b	Rory McCann	1	0.000368	0	0.000000	-0.000368	31	182	187
rust-postgres/rust-postgres	b	Mark Lee	1	0.000368	0	0.000000	-0.000368	31	182	187
rust-postgres/rust-postgres	b	Sidney Cammeresi	1	0.000368	0	0.000000	-0.000368	31	182	187
rust-postgres/rust-postgres	b	Santiago Lapresta	1	0.000368	0	0.000000	-0.000368	31	182	187
rust-postgres/rust-postgres	b	Johannes Schickling	1	0.000368	0	0.000000	-0.000368	31	182	187
rust-postgres/rust-postgres	b	SabrinaJewson	1	0.000368	0	0.000000	-0.000368	31	182	187
rust-postgres/rust-postgres	b	Sam Rijs	1	0.000368	0	0.000000	-0.000368	31	182	187
rust-postgres/rust-postgres	b	Tom Frank	1	0.000368	0	0.000000	-0.000368	31	182	187
rust-postgres/rust-postgres	b	Tom Houlé	1	0.000368	0	0.000000	-0.000368	31	182	187
rust-postgres/rust-postgres	b	transcaffeine	1	0.000368	0	0.000000	-0.000368	31	182	187
rust-postgres/rust-postgres	b	Troy Benson	1	0.000368	0	0.000000	-0.000368	31	182	187
rust-postgres/rust-postgres	b	Tshepang Lekhonkhobe	1	0.000368	0	0.000000	-0.000368	31	182	187
rust-postgres/rust-postgres	b	TyanNN	1	0.000368	0	0.000000	-0.000368	31	182	187
rust-postgres/rust-postgres	b	vsuryamurthy	1	0.000368	0	0.000000	-0.000368	31	182	187
rust-postgres/rust-postgres	b	Wahaha	1	0.000368	0	0.000000	-0.000368	31	182	187
rust-postgres/rust-postgres	b	xxchan	1	0.000368	0	0.000000	-0.000368	31	182	187
rust-postgres/rust-postgres	b	Yeongbae Jeon	1	0.000368	0	0.000000	-0.000368	31	182	187
rust-postgres/rust-postgres	b	Yuri Astrakhan	1	0.000368	0	0.000000	-0.000368	31	182	187
rust-postgres/rust-postgres	c	Steven Fackler	2144	0.789106	6128	0.697473	-0.091632	42	182	187
rust-postgres/rust-postgres	c	Joseph Koshakow	4	0.001472	426	0.048486	0.047014	42	182	187
rust-postgres/rust-postgres	c	Paolo Barbolini	77	0.028340	265	0.030162	0.001822	42	182	187
rust-postgres/rust-postgres	c	Matt Oliver	4	0.001472	160	0.018211	0.016739	42	182	187
rust-postgres/rust-postgres	c	Laurențiu Nicola	2	0.000736	150	0.017073	0.016337	42	182	187
rust-postgres/rust-postgres	c	Allan Zhang	9	0.003312	148	0.016845	0.013533	42	182	187
rust-postgres/rust-postgres	c	Jeff Davis	5	0.001840	147	0.016731	0.014891	42	182	187
rust-postgres/rust-postgres	c	Shawn L.	8	0.002944	141	0.016048	0.013104	42	182	187
rust-postgres/rust-postgres	c	Nikhil Benesch	10	0.003681	140	0.015934	0.012254	42	182	187
rust-postgres/rust-postgres	c	jaydenelliott	4	0.001472	111	0.012634	0.011162	42	182	187
rust-postgres/rust-postgres	c	Aaron Loucks	5	0.001840	106	0.012065	0.010224	42	182	187
rust-postgres/rust-postgres	c	ash-hashtag	1	0.000368	104	0.011837	0.011469	42	182	187
rust-postgres/rust-postgres	c	dvic	4	0.001472	82	0.009333	0.007861	42	182	187
rust-postgres/rust-postgres	c	Trung Dinh	14	0.005153	77	0.008764	0.003611	42	182	187
rust-postgres/rust-postgres	c	Jakub Wieczorek	2	0.000736	70	0.007967	0.007231	42	182	187
rust-postgres/rust-postgres	c	Ramnivas Laddad	6	0.002208	62	0.007057	0.004848	42	182	187
rust-postgres/rust-postgres	c	Hirotaka Azuma	7	0.002576	57	0.006488	0.003911	42	182	187
rust-postgres/rust-postgres	c	crusopaul	1	0.000368	39	0.004439	0.004071	42	182	187
rust-postgres/rust-postgres	c	Bernardo Uriarte Blanco	5	0.001840	35	0.003984	0.002143	42	182	187
rust-postgres/rust-postgres	c	Colin Maxfield	4	0.001472	33	0.003756	0.002284	42	182	187
rust-postgres/rust-postgres	c	Allan	9	0.003312	31	0.003528	0.000216	42	182	187
rust-postgres/rust-postgres	c	philomathic_life	2	0.000736	25	0.002845	0.002109	42	182	187
rust-postgres/rust-postgres	c	Tim Anderson	4	0.001472	23	0.002618	0.001146	42	182	187
rust-postgres/rust-postgres	c	vsuryamurthy	1	0.000368	23	0.002618	0.002250	42	182	187
rust-postgres/rust-postgres	c	Saber Haj Rabiee	7	0.002576	22	0.002504	-0.000072	42	182	187
rust-postgres/rust-postgres	c	Michael P. Jung	5	0.001840	16	0.001821	-0.000019	42	182	187
rust-postgres/rust-postgres	c	Ning Sun	7	0.002576	15	0.001707	-0.000869	42	182	187
rust-postgres/rust-postgres	c	Lukas Kalbertodt	2	0.000736	15	0.001707	0.000971	42	182	187
rust-postgres/rust-postgres	c	Michael Kirk	2	0.000736	12	0.001366	0.000630	42	182	187
rust-postgres/rust-postgres	c	Maël Obréjan	3	0.001104	11	0.001252	0.000148	42	182	187
rust-postgres/rust-postgres	c	Sidney Cammeresi	2	0.000736	11	0.001252	0.000516	42	182	187
rust-postgres/rust-postgres	c	Ari Breitkreuz	1	0.000368	10	0.001138	0.000770	42	182	187
rust-postgres/rust-postgres	c	Conrad Ludgate	3	0.001104	9	0.001024	-0.000080	42	182	187
rust-postgres/rust-postgres	c	mibac138	2	0.000736	9	0.001024	0.000288	42	182	187
rust-postgres/rust-postgres	c	Chris West (Faux)	4	0.001472	8	0.000911	-0.000562	42	182	187
rust-postgres/rust-postgres	c	Niklas Hallqvist	2	0.000736	8	0.000911	0.000174	42	182	187
rust-postgres/rust-postgres	c	Vinicius Hirschle	1	0.000368	7	0.000797	0.000429	42	182	187
rust-postgres/rust-postgres	c	Sergei Patiakin	5	0.001840	6	0.000683	-0.001157	42	182	187
rust-postgres/rust-postgres	c	ds-cbo	4	0.001472	5	0.000569	-0.000903	42	182	187
rust-postgres/rust-postgres	c	Qiu Chaofan	1	0.000368	5	0.000569	0.000201	42	182	187
rust-postgres/rust-postgres	c	Mateusz Mikuła	1	0.000368	4	0.000455	0.000087	42	182	187
rust-postgres/rust-postgres	c	Peter Blackson	1	0.000368	4	0.000455	0.000087	42	182	187
rust-postgres/rust-postgres	c	Kristof Mattei	1	0.000368	3	0.000341	-0.000027	42	182	187
rust-postgres/rust-postgres	c	Pekka Enberg	1	0.000368	3	0.000341	-0.000027	42	182	187
rust-postgres/rust-postgres	c	SabrinaJewson	1	0.000368	3	0.000341	-0.000027	42	182	187
rust-postgres/rust-postgres	c	transcaffeine	1	0.000368	3	0.000341	-0.000027	42	182	187
rust-postgres/rust-postgres	c	Sebastian Schmidt	3	0.001104	2	0.000228	-0.000877	42	182	187
rust-postgres/rust-postgres	c	Richard Dodd	3	0.001104	2	0.000228	-0.000877	42	182	187
rust-postgres/rust-postgres	c	Sidney Cammeresi	1	0.000368	2	0.000228	-0.000140	42	182	187
rust-postgres/rust-postgres	c	dependabot[bot]	18	0.006625	1	0.000114	-0.006511	42	182	187
rust-postgres/rust-postgres	c	Basti Ortiz	6	0.002208	1	0.000114	-0.002095	42	182	187
rust-postgres/rust-postgres	c	BratSinot	3	0.001104	1	0.000114	-0.000990	42	182	187
rust-postgres/rust-postgres	c	Duarte Nunes	2	0.000736	1	0.000114	-0.000622	42	182	187
rust-postgres/rust-postgres	c	Charles Hall	1	0.000368	1	0.000114	-0.000254	42	182	187
rust-postgres/rust-postgres	c	Vladislav Nezhutin	1	0.000368	1	0.000114	-0.000254	42	182	187
rust-postgres/rust-postgres	c	wuaoxiang	1	0.000368	1	0.000114	-0.000254	42	182	187
rust-postgres/rust-postgres	c	Yeongbae Jeon	1	0.000368	1	0.000114	-0.000254	42	182	187
rust-postgres/rust-postgres	c	Steven Fackler	60	0.022083	0	0.000000	-0.022083	42	182	187
rust-postgres/rust-postgres	c	dependabot-preview[bot]	10	0.003681	0	0.000000	-0.003681	42	182	187
rust-postgres/rust-postgres	c	Joe Wilm	10	0.003681	0	0.000000	-0.003681	42	182	187
rust-postgres/rust-postgres	c	Alex Crichton	8	0.002944	0	0.000000	-0.002944	42	182	187
rust-postgres/rust-postgres	c	Dane Rigby	6	0.002208	0	0.000000	-0.002208	42	182	187
rust-postgres/rust-postgres	c	zach-com	5	0.001840	0	0.000000	-0.001840	42	182	187
rust-postgres/rust-postgres	c	Zeb Piasecki	5	0.001840	0	0.000000	-0.001840	42	182	187
rust-postgres/rust-postgres	c	Andrew Baumhauer	4	0.001472	0	0.000000	-0.001472	42	182	187
rust-postgres/rust-postgres	c	Kevin Butler	4	0.001472	0	0.000000	-0.001472	42	182	187
rust-postgres/rust-postgres	c	Kyle Huey	4	0.001472	0	0.000000	-0.001472	42	182	187
rust-postgres/rust-postgres	c	Nathan VanBenschoten	4	0.001472	0	0.000000	-0.001472	42	182	187
rust-postgres/rust-postgres	c	Paul Hemberger	4	0.001472	0	0.000000	-0.001472	42	182	187
rust-postgres/rust-postgres	c	Lachezar Lechev	3	0.001104	0	0.000000	-0.001104	42	182	187
rust-postgres/rust-postgres	c	Cody P Schafer	3	0.001104	0	0.000000	-0.001104	42	182	187
rust-postgres/rust-postgres	c	Erik Johnston	3	0.001104	0	0.000000	-0.001104	42	182	187
rust-postgres/rust-postgres	c	Chinedu Francis Nwafili	3	0.001104	0	0.000000	-0.001104	42	182	187
rust-postgres/rust-postgres	c	Harry Maclean	3	0.001104	0	0.000000	-0.001104	42	182	187
rust-postgres/rust-postgres	c	kestred	3	0.001104	0	0.000000	-0.001104	42	182	187
rust-postgres/rust-postgres	c	坚坚冰	3	0.001104	0	0.000000	-0.001104	42	182	187
rust-postgres/rust-postgres	c	Jim Radford	3	0.001104	0	0.000000	-0.001104	42	182	187
rust-postgres/rust-postgres	c	Ruslan Talpa	3	0.001104	0	0.000000	-0.001104	42	182	187
rust-postgres/rust-postgres	c	Steve Klabnik	3	0.001104	0	0.000000	-0.001104	42	182	187
rust-postgres/rust-postgres	c	fakeshadow	2	0.000736	0	0.000000	-0.000736	42	182	187
rust-postgres/rust-postgres	c	Basti Ortiz	2	0.000736	0	0.000000	-0.000736	42	182	187
rust-postgres/rust-postgres	c	Alex Pearson	2	0.000736	0	0.000000	-0.000736	42	182	187
rust-postgres/rust-postgres	c	chandr-andr (Kiselev Aleksandr)	2	0.000736	0	0.000000	-0.000736	42	182	187
rust-postgres/rust-postgres	c	Corey Farwell	2	0.000736	0	0.000000	-0.000736	42	182	187
rust-postgres/rust-postgres	c	Curtis McEnroe	2	0.000736	0	0.000000	-0.000736	42	182	187
rust-postgres/rust-postgres	c	Lachezar Lechev	2	0.000736	0	0.000000	-0.000736	42	182	187
rust-postgres/rust-postgres	c	Kirill Fomichev	2	0.000736	0	0.000000	-0.000736	42	182	187
rust-postgres/rust-postgres	c	Stanislav Panferov	2	0.000736	0	0.000000	-0.000736	42	182	187
rust-postgres/rust-postgres	c	ReadmeCritic	2	0.000736	0	0.000000	-0.000736	42	182	187
rust-postgres/rust-postgres	c	Fredrik Enestad	2	0.000736	0	0.000000	-0.000736	42	182	187
rust-postgres/rust-postgres	c	Oliver Schneider	2	0.000736	0	0.000000	-0.000736	42	182	187
rust-postgres/rust-postgres	c	Matthijs van der Vleuten	2	0.000736	0	0.000000	-0.000736	42	182	187
rust-postgres/rust-postgres	c	Alex Chi	2	0.000736	0	0.000000	-0.000736	42	182	187
rust-postgres/rust-postgres	c	Johannes Schriewer	2	0.000736	0	0.000000	-0.000736	42	182	187
rust-postgres/rust-postgres	c	Justin Wayne	2	0.000736	0	0.000000	-0.000736	42	182	187
rust-postgres/rust-postgres	c	Joshua Nelson	2	0.000736	0	0.000000	-0.000736	42	182	187
rust-postgres/rust-postgres	c	Matt Duch	2	0.000736	0	0.000000	-0.000736	42	182	187
rust-postgres/rust-postgres	c	Matthew Maurer	2	0.000736	0	0.000000	-0.000736	42	182	187
rust-postgres/rust-postgres	c	Juan Aguilar Santillana	2	0.000736	0	0.000000	-0.000736	42	182	187
rust-postgres/rust-postgres	c	Mike Dilger	2	0.000736	0	0.000000	-0.000736	42	182	187
rust-postgres/rust-postgres	c	Petar Radosevic	2	0.000736	0	0.000000	-0.000736	42	182	187
rust-postgres/rust-postgres	c	Philipp Korber	2	0.000736	0	0.000000	-0.000736	42	182	187
rust-postgres/rust-postgres	c	James Sanders	2	0.000736	0	0.000000	-0.000736	42	182	187
rust-postgres/rust-postgres	c	Sylwester Rąpała	2	0.000736	0	0.000000	-0.000736	42	182	187
rust-postgres/rust-postgres	c	TheSandwichMakr	2	0.000736	0	0.000000	-0.000736	42	182	187
rust-postgres/rust-postgres	c	andrew	1	0.000368	0	0.000000	-0.000368	42	182	187
rust-postgres/rust-postgres	c	Charmander	1	0.000368	0	0.000000	-0.000368	42	182	187
rust-postgres/rust-postgres	c	die-herdplatte	1	0.000368	0	0.000000	-0.000368	42	182	187
rust-postgres/rust-postgres	c	Naim A	1	0.000368	0	0.000000	-0.000368	42	182	187
rust-postgres/rust-postgres	c	Rohit Singh	1	0.000368	0	0.000000	-0.000368	42	182	187
rust-postgres/rust-postgres	c	Jakub Koralewski	1	0.000368	0	0.000000	-0.000368	42	182	187
rust-postgres/rust-postgres	c	Aleš Bizjak	1	0.000368	0	0.000000	-0.000368	42	182	187
rust-postgres/rust-postgres	c	Abhishek Chanda	1	0.000368	0	0.000000	-0.000368	42	182	187
rust-postgres/rust-postgres	c	Aleksander Vognild Burkow	1	0.000368	0	0.000000	-0.000368	42	182	187
rust-postgres/rust-postgres	c	Andreas Sommer	1	0.000368	0	0.000000	-0.000368	42	182	187
rust-postgres/rust-postgres	c	Andreas Runfalk	1	0.000368	0	0.000000	-0.000368	42	182	187
rust-postgres/rust-postgres	c	Andrew Baumhauer	1	0.000368	0	0.000000	-0.000368	42	182	187
rust-postgres/rust-postgres	c	Artem Vorotnikov	1	0.000368	0	0.000000	-0.000368	42	182	187
rust-postgres/rust-postgres	c	Benjamin Swart	1	0.000368	0	0.000000	-0.000368	42	182	187
rust-postgres/rust-postgres	c	Brandon W Maister	1	0.000368	0	0.000000	-0.000368	42	182	187
rust-postgres/rust-postgres	c	Christofer Nolander	1	0.000368	0	0.000000	-0.000368	42	182	187
rust-postgres/rust-postgres	c	Dirkjan Ochtman	1	0.000368	0	0.000000	-0.000368	42	182	187
rust-postgres/rust-postgres	c	Dan Burkert	1	0.000368	0	0.000000	-0.000368	42	182	187
rust-postgres/rust-postgres	c	Darren Tsung	1	0.000368	0	0.000000	-0.000368	42	182	187
rust-postgres/rust-postgres	c	Davide Angelocola	1	0.000368	0	0.000000	-0.000368	42	182	187
rust-postgres/rust-postgres	c	Dmitriy Pleshevskiy	1	0.000368	0	0.000000	-0.000368	42	182	187
rust-postgres/rust-postgres	c	George London	1	0.000368	0	0.000000	-0.000368	42	182	187
rust-postgres/rust-postgres	c	Eric Kidd	1	0.000368	0	0.000000	-0.000368	42	182	187
rust-postgres/rust-postgres	c	kud1ing	1	0.000368	0	0.000000	-0.000368	42	182	187
rust-postgres/rust-postgres	c	shelvacu	1	0.000368	0	0.000000	-0.000368	42	182	187
rust-postgres/rust-postgres	c	Geoffry Song	1	0.000368	0	0.000000	-0.000368	42	182	187
rust-postgres/rust-postgres	c	gwenn	1	0.000368	0	0.000000	-0.000368	42	182	187
rust-postgres/rust-postgres	c	Alex Gulyás	1	0.000368	0	0.000000	-0.000368	42	182	187
rust-postgres/rust-postgres	c	Harris Kaufmann	1	0.000368	0	0.000000	-0.000368	42	182	187
rust-postgres/rust-postgres	c	hansolshin	1	0.000368	0	0.000000	-0.000368	42	182	187
rust-postgres/rust-postgres	c	Andrew Baxter	1	0.000368	0	0.000000	-0.000368	42	182	187
rust-postgres/rust-postgres	c	Ibiyemi Abiodun	1	0.000368	0	0.000000	-0.000368	42	182	187
rust-postgres/rust-postgres	c	ilslv	1	0.000368	0	0.000000	-0.000368	42	182	187
rust-postgres/rust-postgres	c	Dmitry Ivanov	1	0.000368	0	0.000000	-0.000368	42	182	187
rust-postgres/rust-postgres	c	Ivan Kozik	1	0.000368	0	0.000000	-0.000368	42	182	187
rust-postgres/rust-postgres	c	James Guthrie	1	0.000368	0	0.000000	-0.000368	42	182	187
rust-postgres/rust-postgres	c	Jeb Rosen	1	0.000368	0	0.000000	-0.000368	42	182	187
rust-postgres/rust-postgres	c	laxjesse	1	0.000368	0	0.000000	-0.000368	42	182	187
rust-postgres/rust-postgres	c	Jonathan Reem	1	0.000368	0	0.000000	-0.000368	42	182	187
rust-postgres/rust-postgres	c	JR Smith	1	0.000368	0	0.000000	-0.000368	42	182	187
rust-postgres/rust-postgres	c	Joshua Miller	1	0.000368	0	0.000000	-0.000368	42	182	187
rust-postgres/rust-postgres	c	Joe Wilm	1	0.000368	0	0.000000	-0.000368	42	182	187
rust-postgres/rust-postgres	c	Kai Yao	1	0.000368	0	0.000000	-0.000368	42	182	187
rust-postgres/rust-postgres	c	Kim Rutherford	1	0.000368	0	0.000000	-0.000368	42	182	187
rust-postgres/rust-postgres	c	Kris	1	0.000368	0	0.000000	-0.000368	42	182	187
rust-postgres/rust-postgres	c	Charles Samuels	1	0.000368	0	0.000000	-0.000368	42	182	187
rust-postgres/rust-postgres	c	Kyle Dewey	1	0.000368	0	0.000000	-0.000368	42	182	187
rust-postgres/rust-postgres	c	Lev Kokotov	1	0.000368	0	0.000000	-0.000368	42	182	187
rust-postgres/rust-postgres	c	Marcin Pajkowski	1	0.000368	0	0.000000	-0.000368	42	182	187
rust-postgres/rust-postgres	c	Marko Tiikkaja	1	0.000368	0	0.000000	-0.000368	42	182	187
rust-postgres/rust-postgres	c	Mathieu Rheaume	1	0.000368	0	0.000000	-0.000368	42	182	187
rust-postgres/rust-postgres	c	Max Ammann	1	0.000368	0	0.000000	-0.000368	42	182	187
rust-postgres/rust-postgres	c	Alejandro Carretero García	1	0.000368	0	0.000000	-0.000368	42	182	187
rust-postgres/rust-postgres	c	Michael Niens	1	0.000368	0	0.000000	-0.000368	42	182	187
rust-postgres/rust-postgres	c	Mike "Wizard" Dilger	1	0.000368	0	0.000000	-0.000368	42	182	187
rust-postgres/rust-postgres	c	Jacob Chang	1	0.000368	0	0.000000	-0.000368	42	182	187
rust-postgres/rust-postgres	c	est31	1	0.000368	0	0.000000	-0.000368	42	182	187
rust-postgres/rust-postgres	c	Nicolas Guiard	1	0.000368	0	0.000000	-0.000368	42	182	187
rust-postgres/rust-postgres	c	novacrazy	1	0.000368	0	0.000000	-0.000368	42	182	187
rust-postgres/rust-postgres	c	Tom Parker-Shemilt	1	0.000368	0	0.000000	-0.000368	42	182	187
rust-postgres/rust-postgres	c	paulbort	1	0.000368	0	0.000000	-0.000368	42	182	187
rust-postgres/rust-postgres	c	Petros Angelatos	1	0.000368	0	0.000000	-0.000368	42	182	187
rust-postgres/rust-postgres	c	p512	1	0.000368	0	0.000000	-0.000368	42	182	187
rust-postgres/rust-postgres	c	Quentin Laveau	1	0.000368	0	0.000000	-0.000368	42	182	187
rust-postgres/rust-postgres	c	Clément Renault	1	0.000368	0	0.000000	-0.000368	42	182	187
rust-postgres/rust-postgres	c	Richard Jonas	1	0.000368	0	0.000000	-0.000368	42	182	187
rust-postgres/rust-postgres	c	Rik van der Kleij	1	0.000368	0	0.000000	-0.000368	42	182	187
rust-postgres/rust-postgres	c	Robert Lord	1	0.000368	0	0.000000	-0.000368	42	182	187
rust-postgres/rust-postgres	c	Rory McCann	1	0.000368	0	0.000000	-0.000368	42	182	187
rust-postgres/rust-postgres	c	Mark Lee	1	0.000368	0	0.000000	-0.000368	42	182	187
rust-postgres/rust-postgres	c	Santiago Lapresta	1	0.000368	0	0.000000	-0.000368	42	182	187
rust-postgres/rust-postgres	c	Johannes Schickling	1	0.000368	0	0.000000	-0.000368	42	182	187
rust-postgres/rust-postgres	c	Sam Rijs	1	0.000368	0	0.000000	-0.000368	42	182	187
rust-postgres/rust-postgres	c	Thomas de Zeeuw	1	0.000368	0	0.000000	-0.000368	42	182	187
rust-postgres/rust-postgres	c	Tom Frank	1	0.000368	0	0.000000	-0.000368	42	182	187
rust-postgres/rust-postgres	c	Tom Houlé	1	0.000368	0	0.000000	-0.000368	42	182	187
rust-postgres/rust-postgres	c	Troy Benson	1	0.000368	0	0.000000	-0.000368	42	182	187
rust-postgres/rust-postgres	c	Tshepang Lekhonkhobe	1	0.000368	0	0.000000	-0.000368	42	182	187
rust-postgres/rust-postgres	c	TyanNN	1	0.000368	0	0.000000	-0.000368	42	182	187
rust-postgres/rust-postgres	c	Wahaha	1	0.000368	0	0.000000	-0.000368	42	182	187
rust-postgres/rust-postgres	c	xxchan	1	0.000368	0	0.000000	-0.000368	42	182	187
rust-postgres/rust-postgres	c	Yuri Astrakhan	1	0.000368	0	0.000000	-0.000368	42	182	187
